,,II.,40,400,401,402,4020,4021,4022,4023,4024,4025,4026,4027,4029,403,4031,4032,4033,4034,409,41,410,4100,4102,411,4110,4111,4112,4113,4117,4119,412,4120,413,4130,4131,4132,4133,42,420,4200,4201,4202,4203,4204,4205,4206,4207,4208,43,430,4300,4301,4302,4303,4304,4305,4306,4307,4308,III.
,,SKUPAJ ODHODKI,TEKOČI ODHODKI  ,TEKOČI ODHODKI  ,TEKOČI ODHODKI  ,TEKOČI ODHODKI  ,TEKOČI ODHODKI  ,TEKOČI ODHODKI  ,TEKOČI ODHODKI  ,TEKOČI ODHODKI  ,TEKOČI ODHODKI  ,TEKOČI ODHODKI  ,TEKOČI ODHODKI  ,TEKOČI ODHODKI  ,TEKOČI ODHODKI  ,TEKOČI ODHODKI  ,TEKOČI ODHODKI  ,TEKOČI ODHODKI  ,TEKOČI ODHODKI  ,TEKOČI ODHODKI  ,TEKOČI ODHODKI  ,TEKOČI TRANSFERI ,TEKOČI TRANSFERI ,TEKOČI TRANSFERI ,TEKOČI TRANSFERI ,TEKOČI TRANSFERI ,TEKOČI TRANSFERI ,TEKOČI TRANSFERI ,TEKOČI TRANSFERI ,TEKOČI TRANSFERI ,TEKOČI TRANSFERI ,TEKOČI TRANSFERI ,TEKOČI TRANSFERI ,TEKOČI TRANSFERI ,TEKOČI TRANSFERI ,TEKOČI TRANSFERI ,TEKOČI TRANSFERI ,TEKOČI TRANSFERI ,TEKOČI TRANSFERI ,INVESTICIJSKI ODHODKI ,INVESTICIJSKI ODHODKI ,INVESTICIJSKI ODHODKI ,INVESTICIJSKI ODHODKI ,INVESTICIJSKI ODHODKI ,INVESTICIJSKI ODHODKI ,INVESTICIJSKI ODHODKI ,INVESTICIJSKI ODHODKI ,INVESTICIJSKI ODHODKI ,INVESTICIJSKI ODHODKI ,INVESTICIJSKI ODHODKI ,INVESTICIJSKI TRANSFERI ,INVESTICIJSKI TRANSFERI ,INVESTICIJSKI TRANSFERI ,INVESTICIJSKI TRANSFERI ,INVESTICIJSKI TRANSFERI ,INVESTICIJSKI TRANSFERI ,INVESTICIJSKI TRANSFERI ,INVESTICIJSKI TRANSFERI ,INVESTICIJSKI TRANSFERI ,INVESTICIJSKI TRANSFERI ,INVESTICIJSKI TRANSFERI ,PRORAČUNSKI PRESEŽEK (PRIMANKLJAJ) I.-II.
,,40+41+42+43,400+401+402+403+409,PLAČE IN DRUGI IZDATKI ZAPOSLENIM,PRISPEVKI DELODAJALCEV ZA SOCIALNO VARNOST,IZDATKI ZA BLAGO IN STORITVE,IZDATKI ZA BLAGO IN STORITVE,IZDATKI ZA BLAGO IN STORITVE,IZDATKI ZA BLAGO IN STORITVE,IZDATKI ZA BLAGO IN STORITVE,IZDATKI ZA BLAGO IN STORITVE,IZDATKI ZA BLAGO IN STORITVE,IZDATKI ZA BLAGO IN STORITVE,IZDATKI ZA BLAGO IN STORITVE,IZDATKI ZA BLAGO IN STORITVE,PLAČILA DOMAČIH OBRESTI,PLAČILA DOMAČIH OBRESTI,PLAČILA DOMAČIH OBRESTI,PLAČILA DOMAČIH OBRESTI,PLAČILA DOMAČIH OBRESTI,SREDSTVA IZLOČENA V REZERVE,(410+411+412+413),SUBVENCIJE,SUBVENCIJE,SUBVENCIJE,TRANSFERI POSAMEZNIKOM IN GOSPODINJSTVOM,TRANSFERI POSAMEZNIKOM IN GOSPODINJSTVOM,TRANSFERI POSAMEZNIKOM IN GOSPODINJSTVOM,TRANSFERI POSAMEZNIKOM IN GOSPODINJSTVOM,TRANSFERI POSAMEZNIKOM IN GOSPODINJSTVOM,TRANSFERI POSAMEZNIKOM IN GOSPODINJSTVOM,TRANSFERI POSAMEZNIKOM IN GOSPODINJSTVOM,TRANSFERI NEPROFITNIM ORGANIZACIJAM IN USTANOVAM,TRANSFERI NEPROFITNIM ORGANIZACIJAM IN USTANOVAM,DRUGI TEKOČI DOMAČI TRANSFERI,DRUGI TEKOČI DOMAČI TRANSFERI,DRUGI TEKOČI DOMAČI TRANSFERI,DRUGI TEKOČI DOMAČI TRANSFERI,DRUGI TEKOČI DOMAČI TRANSFERI,420,NAKUP IN GRADNJA OSNOVNIH SREDSTEV,NAKUP IN GRADNJA OSNOVNIH SREDSTEV,NAKUP IN GRADNJA OSNOVNIH SREDSTEV,NAKUP IN GRADNJA OSNOVNIH SREDSTEV,NAKUP IN GRADNJA OSNOVNIH SREDSTEV,NAKUP IN GRADNJA OSNOVNIH SREDSTEV,NAKUP IN GRADNJA OSNOVNIH SREDSTEV,NAKUP IN GRADNJA OSNOVNIH SREDSTEV,NAKUP IN GRADNJA OSNOVNIH SREDSTEV,NAKUP IN GRADNJA OSNOVNIH SREDSTEV,430,INVESTICIJSKI TRANSFERI ,INVESTICIJSKI TRANSFERI ,INVESTICIJSKI TRANSFERI ,INVESTICIJSKI TRANSFERI ,INVESTICIJSKI TRANSFERI ,INVESTICIJSKI TRANSFERI ,INVESTICIJSKI TRANSFERI ,INVESTICIJSKI TRANSFERI ,INVESTICIJSKI TRANSFERI ,INVESTICIJSKI TRANSFERI ,(SKUPAJ PRIHODKI MINUS SKUPAJ ODHODKI)
,- v EUR,,,,,,Pisarniški in splošni material in storitve,Posebni materiali in storitve,"Energija, voda, komunalne storitve in komunikacije",Prevozni stroški in storitve,Izdatki za službena potovanja,Tekoče vzdržavanje,Najemnine in zakupnine,Kazni in odškodnine,Drugi operativni stroški,,Plačila obresti od kreditov poslovnim bankam,Plačila obresti od kreditov drugim finančnim institucijam,Plačila obresti od kreditov drugim domačim kreditodajalcem,Plačila obresti od vrednostnih papirjev,,,,Subvencije javnim podjetjem,Subvencije privatnim podjetjem in zasebnikom,,Transferi nezaposlenim,Družinski prejemki in starševska nadomestila,Transferi za zagotavljanje socialne varnosti,"Transf. vojn. invalid., vojnim veter. in žrtvam vojnega nasilja",Štipendije,Drugi transferi posameznikom,,Tekoči transferi neprofitnim organizacijam in ustanovam,,"Tekoči transferi drugim ravnem države, drugim lokalnim skupnostim in ožjim delom lokalnih skupnosti",Tekoči transferi v sklade socialnega zavarovanja,Tekoči transferi v druge javne sklade in agencije,Tekoči transferi v javne zavode in dr. izvajalce javnih služb,,,Nakup zgradb in prostorov,Nakup prevoznih sredstev,Nakup opreme,Nakup drugih osnovnih sredstev,"Novogradnje, rekonstrukcije in adaptacije",Investicijsko vzdrževanje in obnove,Nakup zemljišč in naravnih bogastev,Nakup nematerialnega premoženja,Študije o izvedljivosti projektov in projektna dokumentacija,,,"Investicijski transferi drugim ravnem države, drugim lokalnim skupnostim in ožjim delom lokalnih skupnosti",Kapitalski transferi javnim skladom in agencijam,Investicijski transferi neprofitnim organizacijam ,Investicijski transferi javnim podjetjem,Kapitalski transferi finančnim institucijam,Investicijski transferi privatnim podjetjem in zasebnikom,Investicijski transferi posameznikom ,Investicijski transferi javnim zavodom in drugim izvajalcem javnih služb,Investicijski transferi v tujino,
"Zap.
št.",OBČINA,,,,,,,,,,,,,,,,,,,,,,,,,,,,,,,,,,,,,,,,,,,,,,,,,,,,,,,,,,,,,
1.,AJDOVŠČINA,7.080.805 ,1.062.702 ,275.768 ,37.498 ,708.688 ,34.927 ,3.722 ,90.106 ,5.483 ,2.308 ,388.712 ,12.402 ,0 ,171.027 ,1.557 ,1.557 ,0 ,0 ,0 ,39.192 ,2.682.745 ,21.019 ,21.019 ,0 ,1.207.974 ,0 ,0 ,7.849 ,0 ,0 ,1.200.125 ,182.595 ,182.595 ,1.271.157 ,144.225 ,56.839 ,218.198 ,851.895 ,2.883.763 ,2.883.763 ,495.268 ,0 ,34.982 ,0 ,1.700.542 ,274.587 ,100.050 ,0 ,278.334 ,451.594 ,451.594 ,205.625 ,0 ,21.303 ,0 ,0 ,0 ,0 ,224.666 ,0 ,-423.556 
2.,BELTINCI,3.867.460 ,856.668 ,155.154 ,22.071 ,671.098 ,62.051 ,19.408 ,201.623 ,3.393 ,3.030 ,265.098 ,0 ,0 ,116.496 ,0 ,0 ,0 ,0 ,0 ,8.346 ,1.724.303 ,449.424 ,0 ,449.424 ,811.784 ,5.379 ,0 ,0 ,0 ,0 ,806.405 ,188.266 ,188.266 ,274.829 ,160.436 ,0 ,12.139 ,102.253 ,742.927 ,742.927 ,97.621 ,0 ,42.205 ,3.526 ,500.726 ,0 ,125 ,0 ,98.723 ,543.561 ,543.561 ,159.452 ,35.078 ,0 ,0 ,0 ,25.017 ,0 ,324.015 ,0 ,-234.368 
3.,BENEDIKT,1.049.691 ,169.229 ,70.426 ,9.235 ,83.596 ,29.657 ,0 ,8.287 ,2.408 ,1.189 ,5.930 ,0 ,0 ,36.125 ,1.052 ,1.052 ,0 ,0 ,0 ,4.920 ,449.082 ,38.971 ,0 ,38.971 ,60.624 ,0 ,0 ,0 ,0 ,0 ,60.624 ,41.483 ,41.483 ,308.004 ,0 ,8.559 ,0 ,299.445 ,356.055 ,356.055 ,0 ,0 ,8.893 ,0 ,278.263 ,0 ,22.684 ,0 ,46.215 ,75.325 ,75.325 ,0 ,0 ,0 ,0 ,0 ,0 ,75.325 ,0 ,0 ,-85.545 
4.,BISTRICA OB SOTLI,616.629 ,179.140 ,39.580 ,5.291 ,132.182 ,42.142 ,4.002 ,11.718 ,3.655 ,1.773 ,39.488 ,7.808 ,0 ,21.595 ,0 ,0 ,0 ,0 ,0 ,2.086 ,264.484 ,6.814 ,0 ,6.814 ,144.809 ,3.818 ,250 ,8.842 ,0 ,0 ,131.898 ,30.062 ,30.062 ,82.799 ,0 ,11.697 ,0 ,71.102 ,171.486 ,171.486 ,37.556 ,0 ,45.289 ,300 ,56.314 ,19.533 ,0 ,0 ,12.494 ,1.519 ,1.519 ,0 ,0 ,0 ,0 ,0 ,0 ,0 ,1.519 ,0 ,51.744 
5.,BLED,4.620.998 ,1.771.019 ,395.452 ,56.577 ,1.270.915 ,185.265 ,31.802 ,55.333 ,7.465 ,12.815 ,672.292 ,123.172 ,526 ,182.244 ,6.489 ,6.489 ,0 ,0 ,0 ,41.587 ,1.637.414 ,38.316 ,618 ,37.698 ,63.808 ,4.369 ,7.941 ,0 ,0 ,0 ,51.498 ,277.646 ,277.646 ,1.257.645 ,1.085 ,17.873 ,10.174 ,1.228.514 ,1.022.392 ,1.022.392 ,146.052 ,0 ,103.914 ,0 ,438.946 ,149.195 ,67.823 ,0 ,116.462 ,190.173 ,190.173 ,0 ,0 ,41.266 ,0 ,0 ,0 ,0 ,148.907 ,0 ,-201.506 
6.,BLOKE,712.110 ,98.047 ,23.877 ,3.484 ,67.080 ,11.755 ,0 ,20.802 ,0 ,2.182 ,2.370 ,384 ,0 ,29.586 ,100 ,0 ,0 ,100 ,0 ,3.505 ,293.394 ,12.715 ,12.506 ,209 ,97.934 ,0 ,730 ,10.553 ,0 ,0 ,86.651 ,22.605 ,22.605 ,160.140 ,0 ,5.033 ,0 ,155.108 ,308.463 ,308.463 ,0 ,0 ,3.355 ,0 ,262.318 ,33.634 ,1.794 ,0 ,7.361 ,12.206 ,12.206 ,0 ,0 ,11.238 ,0 ,0 ,0 ,134 ,835 ,0 ,-7.703 
7.,BOHINJ,2.422.838 ,921.086 ,163.182 ,20.956 ,703.030 ,124.545 ,312.227 ,78.000 ,81.418 ,5.016 ,7.419 ,1.114 ,4.532 ,88.758 ,7.023 ,7.023 ,0 ,0 ,0 ,26.895 ,731.372 ,45.168 ,20.961 ,24.207 ,370.940 ,2.512 ,7.194 ,0 ,0 ,12.214 ,349.019 ,113.892 ,113.892 ,201.373 ,24.741 ,6.389 ,5.696 ,164.547 ,656.372 ,656.372 ,33.008 ,51.281 ,25.605 ,28.472 ,264.939 ,216.996 ,288 ,0 ,35.783 ,114.009 ,114.009 ,55.500 ,0 ,24.608 ,0 ,0 ,2.458 ,0 ,31.443 ,0 ,-57.019 
8.,BOROVNICA ,1.356.743 ,288.566 ,75.138 ,7.361 ,197.137 ,15.056 ,8.179 ,25.330 ,26.298 ,2.128 ,96.182 ,4.019 ,0 ,19.947 ,1.519 ,0 ,1.519 ,0 ,0 ,7.411 ,536.484 ,28.247 ,4.215 ,24.032 ,38.629 ,0 ,0 ,0 ,0 ,376 ,38.253 ,69.559 ,69.559 ,400.050 ,0 ,6.522 ,3.493 ,390.035 ,509.765 ,509.765 ,127.387 ,0 ,7.607 ,0 ,286.997 ,62.615 ,14.601 ,0 ,10.558 ,21.929 ,21.929 ,0 ,0 ,1.669 ,0 ,0 ,0 ,0 ,20.260 ,0 ,-35.866 
9.,BOVEC,2.930.658 ,811.392 ,173.051 ,24.829 ,600.580 ,77.692 ,0 ,97.008 ,0 ,10.921 ,23.456 ,164.042 ,0 ,227.462 ,5.696 ,0 ,0 ,5.696 ,0 ,7.236 ,689.989 ,20.527 ,0 ,20.527 ,123.030 ,0 ,79 ,5.600 ,0 ,0 ,117.351 ,85.749 ,85.749 ,460.683 ,7.403 ,11.459 ,1.786 ,440.035 ,1.428.843 ,1.428.843 ,0 ,0 ,17.873 ,1.331 ,626.857 ,622.788 ,33.479 ,0 ,126.515 ,434 ,434 ,0 ,0 ,434 ,0 ,0 ,0 ,0 ,0 ,0 ,14.851 
10.,BRASLOVČE,2.066.537 ,518.524 ,77.988 ,10.270 ,430.266 ,26.335 ,4.123 ,36.430 ,3.948 ,2.036 ,290.377 ,0 ,1.924 ,65.093 ,0 ,0 ,0 ,0 ,0 ,0 ,1.165.899 ,458.659 ,0 ,458.659 ,366.675 ,0 ,7.152 ,1.435 ,0 ,0 ,358.087 ,137.227 ,137.227 ,203.338 ,98.293 ,17.969 ,0 ,87.076 ,343.265 ,343.265 ,0 ,18.035 ,21.632 ,3.560 ,264.789 ,23.047 ,0 ,0 ,12.202 ,38.850 ,38.850 ,0 ,0 ,23.014 ,0 ,0 ,15.836 ,0 ,0 ,0 ,-194.663 
11.,BRDA,2.210.462 ,435.466 ,185.712 ,21.720 ,200.676 ,77.963 ,2.086 ,26.895 ,6.856 ,7.566 ,11.705 ,1.832 ,0 ,65.774 ,22.350 ,18.595 ,129 ,3.626 ,0 ,5.008 ,1.020.168 ,16.871 ,0 ,16.871 ,333.438 ,0 ,0 ,0 ,0 ,0 ,333.438 ,121.962 ,121.962 ,547.897 ,10.474 ,0 ,0 ,537.423 ,702.821 ,702.821 ,28.184 ,10.386 ,8.208 ,0 ,315.477 ,335.541 ,3.906 ,0 ,1.118 ,52.007 ,52.007 ,0 ,0 ,0 ,7.031 ,26.824 ,0 ,0 ,18.152 ,0 ,59.197 
12.,BREZOVICA,2.213.687 ,522.279 ,113.462 ,13.403 ,376.281 ,102.779 ,0 ,34.260 ,1.356 ,947 ,216.750 ,0 ,0 ,20.189 ,19.133 ,355 ,0 ,18.778 ,0 ,0 ,1.281.735 ,87.869 ,0 ,87.869 ,156.309 ,0 ,0 ,0 ,0 ,0 ,156.309 ,101.940 ,101.940 ,935.616 ,35.111 ,22.626 ,0 ,877.879 ,292.610 ,292.610 ,0 ,0 ,29.628 ,0 ,231.059 ,0 ,12.168 ,0 ,19.755 ,117.063 ,117.063 ,0 ,0 ,16.884 ,0 ,0 ,0 ,0 ,100.179 ,0 ,550.751 
13.,BREŽICE,8.835.299 ,2.532.962 ,498.272 ,69.463 ,1.934.251 ,314.438 ,11.200 ,227.700 ,36.313 ,8.095 ,1.107.507 ,13.775 ,50.764 ,164.459 ,12.577 ,1.123 ,0 ,11.455 ,0 ,18.398 ,4.374.207 ,223.698 ,67.530 ,156.168 ,1.915.799 ,1.999 ,0 ,2.662 ,0 ,0 ,1.911.138 ,539.167 ,539.167 ,1.695.543 ,742.514 ,130.817 ,8.680 ,813.533 ,1.287.435 ,1.287.435 ,153.718 ,0 ,48.594 ,989 ,951.402 ,0 ,2.107 ,0 ,130.625 ,640.694 ,640.694 ,60.328 ,0 ,0 ,35.174 ,0 ,444.625 ,50.075 ,50.492 ,0 ,208.242 
14.,CANKOVA,927.621 ,124.432 ,51.390 ,6.952 ,59.823 ,16.107 ,860 ,4.953 ,2.295 ,2.445 ,5.049 ,1.878 ,0 ,26.235 ,6.084 ,6.084 ,0 ,0 ,0 ,184 ,481.084 ,122.755 ,0 ,122.755 ,107.916 ,20.564 ,0 ,0 ,0 ,0 ,87.352 ,47.567 ,47.567 ,202.846 ,2.516 ,21.737 ,0 ,178.593 ,310.883 ,310.883 ,0 ,11.054 ,12.381 ,0 ,262.606 ,13.241 ,8.513 ,3.088 ,0 ,11.221 ,11.221 ,0 ,0 ,9.135 ,2.086 ,0 ,0 ,0 ,0 ,0 ,-58.742 
15.,CELJE (M),21.968.816 ,4.081.752 ,1.766.404 ,247.901 ,1.863.458 ,202.500 ,106.372 ,592.038 ,23.089 ,12.143 ,293.799 ,15.056 ,0 ,618.461 ,109.823 ,109.823 ,0 ,0 ,0 ,94.166 ,13.037.097 ,325.013 ,208.592 ,116.420 ,1.446.098 ,0 ,0 ,166.341 ,0 ,0 ,1.279.757 ,229.753 ,229.753 ,11.036.234 ,72.396 ,363.829 ,333.834 ,10.266.174 ,2.770.335 ,2.770.335 ,61.334 ,8.538 ,289.288 ,117 ,1.695.848 ,0 ,362.786 ,0 ,352.424 ,2.079.632 ,2.079.632 ,0 ,0 ,0 ,833.600 ,0 ,0 ,0 ,1.246.032 ,0 ,2.847.413 
16.,CERKLJE NA GORENJSKEM,4.360.019 ,348.331 ,66.921 ,9.164 ,249.274 ,31.869 ,5.638 ,28.092 ,3.071 ,534 ,111.042 ,25 ,0 ,69.004 ,0 ,0 ,0 ,0 ,0 ,22.972 ,583.730 ,44.584 ,0 ,44.584 ,419.508 ,2.003 ,11.517 ,9.915 ,0 ,1.306 ,394.767 ,58.742 ,58.742 ,60.896 ,0 ,0 ,1.490 ,59.406 ,3.414.952 ,3.414.952 ,1.071.215 ,7.248 ,8.559 ,631.063 ,1.119.308 ,120.251 ,377.470 ,0 ,79.836 ,13.007 ,13.007 ,0 ,0 ,9.585 ,2.788 ,0 ,0 ,217 ,417 ,0 ,-994.275 
17.,CERKNICA,3.928.084 ,519.208 ,248.556 ,34.781 ,207.620 ,47.187 ,50 ,54.102 ,4.181 ,2.137 ,22.496 ,1.815 ,0 ,75.651 ,28.251 ,0 ,16.295 ,11.955 ,0 ,0 ,2.233.450 ,29.849 ,0 ,29.849 ,309.356 ,0 ,0 ,1.844 ,0 ,0 ,307.511 ,191.174 ,191.174 ,1.703.071 ,0 ,31.368 ,6.864 ,1.664.839 ,1.175.426 ,1.175.426 ,0 ,0 ,19.246 ,0 ,1.071.357 ,16.692 ,5.421 ,0 ,62.711 ,0 ,0 ,0 ,0 ,0 ,0 ,0 ,0 ,0 ,0 ,0 ,-47.371 
18.,CERKNO,2.294.099 ,640.648 ,123.907 ,18.557 ,470.301 ,67.793 ,0 ,36.747 ,2.883 ,2.057 ,105.028 ,2.404 ,125 ,253.263 ,2.224 ,0 ,0 ,2.224 ,0 ,25.659 ,888.182 ,24.474 ,0 ,24.474 ,343.678 ,0 ,0 ,1.965 ,0 ,2.086 ,339.626 ,104.069 ,104.069 ,415.961 ,45.919 ,12.832 ,7.023 ,350.188 ,698.890 ,698.890 ,0 ,0 ,18.582 ,39.518 ,285.098 ,337.047 ,14.551 ,0 ,4.094 ,66.379 ,66.379 ,0 ,0 ,12.519 ,0 ,0 ,0 ,4.240 ,49.620 ,0 ,-15.444 
19.,CERKVENJAK,1.114.263 ,122.212 ,63.307 ,7.015 ,46.069 ,17.589 ,0 ,5.775 ,2.959 ,1.064 ,4.811 ,0 ,0 ,13.871 ,785 ,0 ,0 ,785 ,0 ,5.037 ,347.258 ,5.396 ,0 ,5.396 ,63.867 ,0 ,0 ,0 ,0 ,0 ,63.867 ,17.839 ,17.839 ,260.157 ,9.915 ,11.505 ,0 ,238.737 ,590.327 ,590.327 ,0 ,5.033 ,1.657 ,0 ,505.834 ,40.098 ,19.763 ,0 ,17.944 ,54.465 ,54.465 ,0 ,0 ,1.698 ,0 ,0 ,0 ,47.826 ,4.941 ,0 ,-210.808 
20.,ČRENŠOVCI,1.699.049 ,165.373 ,78.814 ,12.965 ,61.075 ,27.328 ,3.405 ,10.232 ,0 ,5.996 ,1.936 ,472 ,0 ,11.705 ,0 ,0 ,0 ,0 ,0 ,12.519 ,690.014 ,153.146 ,0 ,153.146 ,53.426 ,0 ,0 ,0 ,0 ,0 ,53.426 ,38.575 ,38.575 ,444.867 ,69.004 ,30.149 ,0 ,345.714 ,679.857 ,679.857 ,0 ,0 ,5.008 ,0 ,631.047 ,19.437 ,17.706 ,0 ,6.660 ,163.804 ,163.804 ,112.936 ,0 ,13.754 ,0 ,0 ,0 ,0 ,37.114 ,0 ,281.481 
21.,ČRNA NA KOROŠKEM,1.987.352 ,708.525 ,144.696 ,20.643 ,531.806 ,53.142 ,26.456 ,92.852 ,5.049 ,2.362 ,247.367 ,14.701 ,117 ,89.760 ,3.034 ,3.034 ,0 ,0 ,0 ,8.346 ,658.684 ,27.596 ,15.077 ,12.519 ,150.563 ,1.419 ,0 ,33 ,0 ,0 ,149.111 ,183.847 ,183.847 ,296.678 ,3.059 ,0 ,0 ,293.620 ,611.238 ,611.238 ,14.605 ,0 ,46.432 ,526 ,517.668 ,6.030 ,4.252 ,0 ,21.724 ,8.905 ,8.905 ,0 ,0 ,263 ,0 ,0 ,8.642 ,0 ,0 ,0 ,-86.029 
22.,ČRNOMELJ,6.434.460 ,633.367 ,254.336 ,36.563 ,256.284 ,65.106 ,0 ,32.086 ,3.935 ,4.503 ,15.878 ,213 ,0 ,134.564 ,53.067 ,0 ,0 ,40.123 ,12.944 ,33.116 ,2.668.611 ,243.169 ,0 ,243.169 ,1.102.938 ,0 ,0 ,0 ,0 ,18.978 ,1.083.959 ,75.951 ,75.951 ,1.246.553 ,50.931 ,50.280 ,16.158 ,1.129.185 ,223.498 ,223.498 ,0 ,0 ,7.144 ,0 ,105.575 ,16.850 ,55.813 ,0 ,38.116 ,2.908.984 ,2.908.984 ,0 ,0 ,8.346 ,0 ,0 ,0 ,0 ,2.900.638 ,0 ,68.615 
23.,DESTRNIK,1.337.206 ,289.831 ,106.297 ,13.754 ,127.262 ,23.364 ,3.993 ,27.283 ,2.992 ,726 ,30.563 ,0 ,0 ,38.341 ,36.955 ,36.955 ,0 ,0 ,0 ,5.563 ,413.186 ,108.951 ,0 ,108.951 ,100.325 ,1.415 ,576 ,0 ,0 ,1.252 ,97.083 ,25.943 ,25.943 ,177.967 ,19.329 ,25.050 ,0 ,133.588 ,634.189 ,634.189 ,0 ,0 ,28.514 ,0 ,581.819 ,13.833 ,0 ,1.473 ,8.550 ,0 ,0 ,0 ,0 ,0 ,0 ,0 ,0 ,0 ,0 ,0 ,42.309 
24.,DIVAČA,1.407.073 ,286.300 ,112.602 ,16.262 ,151.786 ,47.354 ,901 ,11.918 ,0 ,3.459 ,5.116 ,5.888 ,0 ,77.149 ,1.477 ,1.477 ,0 ,0 ,0 ,4.173 ,788.812 ,29.023 ,0 ,29.023 ,139.968 ,768 ,200 ,0 ,0 ,3.789 ,135.211 ,56.047 ,56.047 ,563.775 ,45.873 ,10.733 ,5.667 ,501.502 ,293.803 ,293.803 ,33.383 ,0 ,21.178 ,0 ,172.972 ,0 ,37.156 ,0 ,29.115 ,38.157 ,38.157 ,0 ,0 ,19.604 ,0 ,0 ,0 ,0 ,18.553 ,0 ,42.451 
25.,DOBJE,380.529 ,84.243 ,31.506 ,3.418 ,49.111 ,13.783 ,1.002 ,11.346 ,4.540 ,88 ,15.502 ,0 ,0 ,2.850 ,0 ,0 ,0 ,0 ,0 ,209 ,138.166 ,7.086 ,0 ,7.086 ,65.523 ,0 ,0 ,0 ,0 ,0 ,65.523 ,18.636 ,18.636 ,46.920 ,0 ,5.671 ,0 ,41.249 ,149.775 ,149.775 ,0 ,8.571 ,3.409 ,0 ,3.146 ,132.186 ,0 ,1.248 ,1.214 ,8.346 ,8.346 ,0 ,0 ,0 ,0 ,0 ,0 ,0 ,8.346 ,0 ,13.975 
26.,DOBREPOLJE,1.692.606 ,298.652 ,76.022 ,10.762 ,210.082 ,27.016 ,16.917 ,22.505 ,36.455 ,1.582 ,82.862 ,0 ,0 ,22.747 ,25 ,0 ,0 ,25 ,0 ,1.761 ,538.449 ,9.806 ,0 ,9.806 ,107.374 ,5.191 ,0 ,0 ,0 ,0 ,102.182 ,82.845 ,82.845 ,338.424 ,2.387 ,6.564 ,4.373 ,325.100 ,721.182 ,721.182 ,0 ,0 ,7.549 ,0 ,438.428 ,170.076 ,32.870 ,0 ,72.258 ,134.322 ,134.322 ,0 ,0 ,16.692 ,92.034 ,0 ,0 ,0 ,25.597 ,0 ,-29.820 
27.,DOBRNA,864.968 ,336.605 ,63.817 ,8.751 ,263.829 ,36.121 ,7.995 ,31.451 ,25.434 ,5.062 ,102.771 ,15.152 ,601 ,39.242 ,0 ,0 ,0 ,0 ,0 ,209 ,279.089 ,20.873 ,0 ,20.873 ,171.553 ,1.139 ,0 ,209 ,0 ,0 ,170.205 ,37.953 ,37.953 ,48.711 ,2.667 ,7.753 ,0 ,38.291 ,238.996 ,238.996 ,0 ,86.234 ,16.308 ,0 ,124.295 ,0 ,1.557 ,843 ,9.760 ,10.278 ,10.278 ,0 ,0 ,0 ,0 ,0 ,0 ,0 ,10.278 ,0 ,-86.805 
28.,DOBROVA - POLHOV GRADEC,2.428.201 ,741.258 ,106.764 ,10.245 ,622.450 ,62.344 ,19.809 ,36.713 ,2.132 ,2.975 ,427.637 ,8.671 ,0 ,62.168 ,1.799 ,0 ,0 ,1.799 ,0 ,0 ,891.091 ,59.886 ,0 ,59.886 ,518.248 ,0 ,0 ,9.869 ,0 ,0 ,508.379 ,134.080 ,134.080 ,178.877 ,26.398 ,17.134 ,0 ,135.345 ,681.168 ,681.168 ,0 ,6.481 ,3.781 ,0 ,12.519 ,639.927 ,12.598 ,0 ,5.863 ,114.685 ,114.685 ,0 ,0 ,46.253 ,0 ,0 ,0 ,0 ,68.432 ,0 ,27.737 
29.,DOBROVNIK,682.198 ,205.621 ,61.605 ,5.976 ,135.954 ,31.748 ,1.444 ,23.435 ,1.615 ,6.781 ,40.039 ,2.779 ,0 ,28.113 ,0 ,0 ,0 ,0 ,0 ,2.086 ,292.664 ,99.549 ,0 ,99.549 ,13.090 ,0 ,0 ,0 ,0 ,0 ,13.090 ,30.487 ,30.487 ,149.537 ,30.855 ,12.690 ,317 ,105.675 ,174.770 ,174.770 ,0 ,12.076 ,6.985 ,3.764 ,21.357 ,70.986 ,0 ,0 ,59.602 ,9.143 ,9.143 ,0 ,0 ,2.295 ,0 ,0 ,0 ,0 ,6.848 ,0 ,16.095 
30.,DOL PRI LJUBLJANI,1.781.743 ,538.854 ,94.342 ,10.503 ,411.534 ,57.081 ,9.869 ,33.500 ,3.055 ,2.838 ,195.155 ,8.509 ,0 ,101.527 ,0 ,0 ,0 ,0 ,0 ,22.475 ,553.768 ,20.965 ,0 ,20.965 ,182.319 ,0 ,0 ,0 ,0 ,2.429 ,179.891 ,90.974 ,90.974 ,259.510 ,0 ,12.402 ,0 ,247.108 ,619.705 ,619.705 ,0 ,0 ,21.528 ,1.252 ,413.120 ,66.274 ,45.568 ,0 ,71.962 ,69.417 ,69.417 ,0 ,0 ,39.234 ,0 ,0 ,0 ,0 ,30.183 ,0 ,472.905 
31.,DOLENJSKE TOPLICE,1.260.240 ,230.784 ,78.706 ,10.474 ,133.258 ,25.505 ,0 ,34.619 ,1.582 ,534 ,34.527 ,6.092 ,2.086 ,28.313 ,0 ,0 ,0 ,0 ,0 ,8.346 ,490.119 ,80.446 ,20.260 ,60.186 ,75.092 ,0 ,0 ,0 ,0 ,1.778 ,73.314 ,79.390 ,79.390 ,255.191 ,0 ,9.957 ,0 ,245.235 ,357.566 ,357.566 ,8.834 ,0 ,15.185 ,1.723 ,132.073 ,61.396 ,7.891 ,0 ,130.462 ,181.773 ,181.773 ,0 ,0 ,0 ,152.041 ,0 ,0 ,0 ,29.732 ,0 ,74.604 
32.,DOMŽALE,11.228.397 ,2.553.676 ,662.965 ,93.361 ,1.703.585 ,299.554 ,6.556 ,76.757 ,6.510 ,7.482 ,840.144 ,13.779 ,45.906 ,406.898 ,57.490 ,29.194 ,0 ,28.297 ,0 ,36.275 ,4.612.302 ,205.525 ,0 ,205.525 ,2.024.862 ,0 ,0 ,45.481 ,0 ,62.164 ,1.917.217 ,543.866 ,543.866 ,1.838.049 ,711.563 ,0 ,0 ,1.126.486 ,3.438.270 ,3.438.270 ,0 ,0 ,115.548 ,0 ,3.016.433 ,4.974 ,81.873 ,0 ,219.442 ,624.149 ,624.149 ,94.162 ,0 ,127.650 ,29.791 ,0 ,0 ,0 ,372.546 ,0 ,33.705 
33.,DORNAVA,1.500.734 ,236.613 ,51.256 ,7.148 ,173.014 ,7.741 ,0 ,16.358 ,0 ,1.982 ,69.659 ,0 ,0 ,77.274 ,5.195 ,0 ,5.195 ,0 ,0 ,0 ,464.280 ,87.740 ,0 ,87.740 ,197.989 ,0 ,0 ,1.052 ,0 ,0 ,196.937 ,77.813 ,77.813 ,100.739 ,54.528 ,0 ,0 ,46.211 ,799.841 ,799.841 ,0 ,0 ,9.318 ,2.479 ,760.729 ,4.478 ,2.278 ,0 ,20.560 ,0 ,0 ,0 ,0 ,0 ,0 ,0 ,0 ,0 ,0 ,0 ,5.412 
34.,DRAVOGRAD,3.897.634 ,849.024 ,210.361 ,29.978 ,580.963 ,36.659 ,209 ,51.611 ,6.572 ,4.615 ,340.945 ,5.633 ,0 ,134.719 ,6.397 ,6.397 ,0 ,0 ,0 ,21.324 ,1.186.175 ,28.639 ,0 ,28.639 ,249.583 ,0 ,15.348 ,1.531 ,0 ,0 ,232.703 ,177.032 ,177.032 ,730.921 ,42.268 ,26.127 ,16.596 ,645.931 ,1.750.296 ,1.750.296 ,42.092 ,0 ,19.884 ,12.085 ,1.275.943 ,296.820 ,59.973 ,0 ,43.499 ,112.139 ,112.139 ,0 ,0 ,1.565 ,6.251 ,0 ,0 ,0 ,104.323 ,0 ,112.823 
35.,DUPLEK,2.368.444 ,321.157 ,122.429 ,17.510 ,161.922 ,58.354 ,5.892 ,52.625 ,3.055 ,5.371 ,3.977 ,0 ,0 ,32.649 ,7.286 ,7.286 ,0 ,0 ,0 ,12.010 ,966.854 ,49.908 ,0 ,49.908 ,225.747 ,0 ,0 ,0 ,0 ,0 ,225.747 ,75.797 ,75.797 ,615.402 ,0 ,36.989 ,2.086 ,576.327 ,1.006.276 ,1.006.276 ,0 ,32.006 ,23.239 ,0 ,803.176 ,110.199 ,3.810 ,0 ,33.847 ,74.157 ,74.157 ,0 ,0 ,8.346 ,0 ,0 ,0 ,0 ,65.811 ,0 ,61.960 
36.,GORENJA VAS - POLJANE,2.608.204 ,406.839 ,102.182 ,14.530 ,268.307 ,35.023 ,27.207 ,103.484 ,947 ,7.616 ,12.903 ,300 ,3.063 ,77.762 ,6.493 ,5.896 ,0 ,597 ,0 ,15.327 ,985.474 ,64.271 ,0 ,64.271 ,510.837 ,0 ,0 ,10.595 ,0 ,0 ,500.242 ,69.888 ,69.888 ,340.477 ,169.099 ,0 ,0 ,171.378 ,880.525 ,880.525 ,34.306 ,12.519 ,26.260 ,835 ,596.382 ,108.429 ,80.387 ,0 ,21.407 ,335.366 ,335.366 ,273.798 ,0 ,30.967 ,0 ,0 ,0 ,13.487 ,17.113 ,0 ,530.692 
37.,GORIŠNICA,2.674.165 ,449.654 ,99.921 ,13.779 ,333.867 ,68.411 ,0 ,23.252 ,0 ,10.566 ,1.915 ,0 ,0 ,229.724 ,0 ,0 ,0 ,0 ,0 ,2.086 ,1.008.262 ,333.705 ,0 ,333.705 ,326.223 ,0 ,0 ,0 ,0 ,0 ,326.223 ,157.219 ,157.219 ,191.116 ,6.710 ,54.891 ,0 ,129.515 ,1.187.456 ,1.187.456 ,0 ,0 ,7.549 ,1.160 ,1.053.585 ,106.823 ,0 ,0 ,18.340 ,28.793 ,28.793 ,0 ,0 ,0 ,0 ,0 ,0 ,0 ,28.793 ,0 ,90.048 
38.,GORNJA RADGONA,5.264.104 ,1.234.781 ,446.453 ,77.813 ,684.281 ,19.446 ,3.760 ,376.273 ,6.702 ,2.103 ,120.798 ,0 ,0 ,155.199 ,0 ,0 ,0 ,0 ,0 ,26.235 ,2.060.303 ,348.994 ,0 ,348.994 ,234.343 ,0 ,0 ,0 ,0 ,0 ,234.343 ,334.172 ,334.172 ,1.142.793 ,138.833 ,91.500 ,0 ,912.460 ,1.875.547 ,1.875.547 ,0 ,18.778 ,30.633 ,0 ,1.381.001 ,355.817 ,0 ,0 ,89.317 ,93.474 ,93.474 ,0 ,0 ,0 ,0 ,0 ,0 ,0 ,93.474 ,0 ,377.245 
39.,GORNJI GRAD,1.252.520 ,613.207 ,74.937 ,9.907 ,522.079 ,27.061 ,9.898 ,37.815 ,3.263 ,2.187 ,370.214 ,4.382 ,6.677 ,60.583 ,6.284 ,4.194 ,2.091 ,0 ,0 ,0 ,340.106 ,28.885 ,0 ,28.885 ,209.865 ,0 ,1.314 ,11.067 ,0 ,0 ,197.484 ,55.654 ,55.654 ,45.702 ,6.385 ,8.392 ,0 ,30.926 ,276.736 ,276.736 ,12.894 ,3.397 ,25.472 ,11.167 ,183.388 ,21.119 ,0 ,0 ,19.300 ,22.471 ,22.471 ,0 ,0 ,4.089 ,0 ,0 ,0 ,0 ,18.382 ,0 ,12.043 
40.,GORNJI PETROVCI,1.265.486 ,250.605 ,86.021 ,10.966 ,153.468 ,47.897 ,8.842 ,24.107 ,17.205 ,2.166 ,28.438 ,0 ,79 ,24.733 ,150 ,150 ,0 ,0 ,0 ,0 ,441.675 ,132.023 ,0 ,132.023 ,140.381 ,40.260 ,238 ,14.388 ,0 ,0 ,85.495 ,79.227 ,79.227 ,90.043 ,5.688 ,0 ,2.203 ,82.152 ,562.773 ,562.773 ,11.459 ,14.985 ,28.781 ,0 ,222.759 ,259.448 ,3.973 ,0 ,21.370 ,10.432 ,10.432 ,0 ,0 ,0 ,0 ,0 ,0 ,0 ,10.432 ,0 ,6.013 
41.,GRAD,1.242.831 ,760.758 ,56.760 ,29.636 ,657.549 ,34.765 ,12.769 ,36.814 ,2.500 ,3.893 ,545.072 ,4.402 ,584 ,16.750 ,121 ,121 ,0 ,0 ,0 ,16.692 ,310.870 ,98.414 ,0 ,98.414 ,115.077 ,0 ,480 ,417 ,0 ,0 ,114.180 ,37.452 ,37.452 ,59.927 ,0 ,14.981 ,1.698 ,43.248 ,162.481 ,162.481 ,0 ,0 ,50.467 ,2.074 ,29.219 ,65.590 ,0 ,0 ,15.131 ,8.721 ,8.721 ,0 ,0 ,4.912 ,0 ,0 ,0 ,0 ,3.810 ,0 ,37.844 
42.,GROSUPLJE,7.579.415 ,987.949 ,314.259 ,44.033 ,544.358 ,84.806 ,111.521 ,46.219 ,36.342 ,371 ,25.300 ,44.613 ,0 ,195.184 ,42.055 ,15.377 ,0 ,26.678 ,0 ,43.244 ,2.493.290 ,0 ,0 ,0 ,237.857 ,2.783 ,0 ,0 ,0 ,1.294 ,233.780 ,312.473 ,312.473 ,1.942.960 ,182.186 ,52.992 ,15.110 ,1.692.672 ,3.564.409 ,3.564.409 ,103.326 ,0 ,921.482 ,659 ,1.583.759 ,233.713 ,496.674 ,0 ,224.796 ,533.767 ,533.767 ,31.138 ,0 ,63.065 ,241.733 ,0 ,0 ,24.132 ,173.698 ,0 ,-267.868 
43.,HAJDINA,1.511.075 ,446.011 ,72.329 ,9.727 ,363.954 ,27.892 ,647 ,44.296 ,3.401 ,1.836 ,122.150 ,1.723 ,0 ,162.010 ,0 ,0 ,0 ,0 ,0 ,0 ,539.960 ,158.701 ,0 ,158.701 ,137.439 ,0 ,0 ,0 ,0 ,0 ,137.439 ,143.244 ,143.244 ,100.576 ,0 ,20.760 ,0 ,79.816 ,433.333 ,433.333 ,25.038 ,0 ,8.650 ,0 ,91.491 ,263.099 ,0 ,0 ,45.055 ,91.771 ,91.771 ,0 ,0 ,81.923 ,0 ,0 ,0 ,0 ,9.848 ,0 ,91.099 
44.,HOČE - SLIVNICA,4.016.471 ,452.650 ,185.541 ,27.170 ,221.620 ,64.004 ,0 ,52.066 ,3.434 ,4.832 ,7.052 ,1.590 ,0 ,88.641 ,997 ,997 ,0 ,0 ,0 ,17.322 ,1.965.189 ,273.135 ,0 ,273.135 ,139.902 ,0 ,0 ,0 ,0 ,0 ,139.902 ,172.751 ,172.751 ,1.379.402 ,0 ,40.515 ,0 ,1.338.888 ,1.322.759 ,1.322.759 ,0 ,0 ,0 ,10.482 ,12.398 ,1.050.159 ,0 ,0 ,249.720 ,275.872 ,275.872 ,0 ,0 ,0 ,0 ,0 ,0 ,0 ,275.872 ,0 ,-532.891 
45.,HODOŠ,322.129 ,83.893 ,22.146 ,3.005 ,58.742 ,33.429 ,6.823 ,4.991 ,3.230 ,2.233 ,805 ,0 ,0 ,7.232 ,0 ,0 ,0 ,0 ,0 ,0 ,96.436 ,34.059 ,0 ,34.059 ,19.116 ,10.157 ,92 ,2.391 ,0 ,0 ,6.476 ,18.599 ,18.599 ,24.662 ,5.800 ,0 ,351 ,18.511 ,129.281 ,129.281 ,0 ,0 ,6.965 ,334 ,50.075 ,52.491 ,11.709 ,0 ,7.707 ,12.519 ,12.519 ,0 ,0 ,12.519 ,0 ,0 ,0 ,0 ,0 ,0 ,2.850 
46.,HORJUL,1.206.752 ,235.528 ,36.972 ,5.129 ,185.499 ,22.851 ,317 ,28.334 ,1.089 ,2.007 ,96.670 ,0 ,0 ,34.231 ,0 ,0 ,0 ,0 ,0 ,7.929 ,334.414 ,14.806 ,0 ,14.806 ,215.895 ,0 ,7.303 ,0 ,0 ,0 ,208.592 ,43.398 ,43.398 ,60.315 ,0 ,4.757 ,0 ,55.558 ,616.646 ,616.646 ,0 ,0 ,7.344 ,0 ,476.223 ,129.244 ,0 ,0 ,3.835 ,20.164 ,20.164 ,0 ,0 ,20.164 ,0 ,0 ,0 ,0 ,0 ,0 ,264.810 
47.,HRASTNIK,4.217.326 ,1.133.671 ,306.134 ,40.961 ,758.943 ,195.890 ,7.340 ,84.089 ,4.006 ,9.043 ,365.194 ,5.404 ,6.464 ,81.514 ,19.287 ,8.171 ,0 ,11.117 ,0 ,8.346 ,1.625.025 ,31.485 ,0 ,31.485 ,713.428 ,0 ,0 ,3.130 ,0 ,20.109 ,690.189 ,180.688 ,180.688 ,699.424 ,230 ,0 ,95.652 ,603.543 ,1.310.282 ,1.310.282 ,62.715 ,0 ,24.203 ,2.212 ,679.945 ,380.045 ,15.982 ,0 ,145.180 ,148.348 ,148.348 ,0 ,0 ,0 ,22.509 ,0 ,5.592 ,0 ,120.247 ,0 ,26.448 
48.,HRPELJE - KOZINA,1.860.278 ,328.426 ,103.701 ,14.559 ,209.047 ,28.497 ,5.767 ,16.725 ,0 ,4.903 ,22.071 ,204 ,0 ,130.880 ,1.118 ,63 ,0 ,1.056 ,0 ,0 ,893.277 ,27.692 ,8.225 ,19.467 ,242.706 ,1.657 ,0 ,30.821 ,0 ,0 ,210.228 ,115.578 ,115.578 ,507.303 ,87.932 ,2.612 ,0 ,416.758 ,638.575 ,638.575 ,0 ,1.878 ,41.066 ,0 ,460.691 ,12.944 ,57.470 ,192 ,64.334 ,0 ,0 ,0 ,0 ,0 ,0 ,0 ,0 ,0 ,0 ,0 ,253.931 
49.,IDRIJA,4.251.465 ,835.086 ,234.431 ,34.084 ,531.343 ,111.304 ,242 ,50.801 ,6.610 ,5.642 ,42.505 ,227.487 ,0 ,86.751 ,6.268 ,6.268 ,0 ,0 ,0 ,28.960 ,2.871.440 ,1.636 ,0 ,1.636 ,37.268 ,497 ,0 ,0 ,0 ,4.206 ,32.566 ,9.452 ,9.452 ,2.823.085 ,484.210 ,15.632 ,0 ,2.323.243 ,419.700 ,419.700 ,29.861 ,0 ,10.979 ,0 ,0 ,378.860 ,0 ,0 ,0 ,125.238 ,125.238 ,67.213 ,0 ,0 ,0 ,2.032 ,0 ,0 ,55.992 ,0 ,405.112 
50.,IG,1.453.643 ,526.619 ,90.561 ,12.076 ,423.281 ,79.131 ,20.126 ,102.237 ,6.293 ,3.409 ,114.271 ,1.494 ,0 ,96.319 ,0 ,0 ,0 ,0 ,0 ,701 ,666.917 ,13.837 ,0 ,13.837 ,423.957 ,0 ,0 ,71.253 ,0 ,0 ,352.704 ,44.513 ,44.513 ,184.610 ,0 ,15.982 ,0 ,168.628 ,201.168 ,201.168 ,11.058 ,0 ,18.745 ,0 ,127.762 ,0 ,14.851 ,0 ,28.751 ,58.938 ,58.938 ,0 ,0 ,31.147 ,27.792 ,0 ,0 ,0 ,0 ,0 ,396.616 
51.,ILIRSKA BISTRICA,6.255.058 ,1.417.368 ,221.528 ,31.163 ,1.117.948 ,71.215 ,0 ,216.567 ,5.016 ,3.138 ,627.249 ,25.780 ,0 ,168.983 ,14.180 ,8.287 ,0 ,5.892 ,0 ,32.549 ,2.116.692 ,199.875 ,146.804 ,53.071 ,523.393 ,0 ,0 ,0 ,0 ,13.837 ,509.556 ,86.158 ,86.158 ,1.307.265 ,103.718 ,0 ,17.510 ,1.186.037 ,2.449.341 ,2.449.341 ,3.405 ,0 ,97.079 ,0 ,2.155.337 ,75.551 ,4.290 ,0 ,113.679 ,271.657 ,271.657 ,101.431 ,0 ,18.787 ,137.490 ,0 ,0 ,3.347 ,10.603 ,0 ,-163.846 
52.,IVANČNA GORICA,4.313.136 ,837.473 ,187.377 ,26.869 ,473.761 ,54.269 ,117 ,15.778 ,6.564 ,759 ,218.227 ,10.324 ,0 ,167.722 ,668 ,0 ,0 ,668 ,0 ,148.798 ,1.818.661 ,59.168 ,0 ,59.168 ,1.055.742 ,0 ,0 ,3.981 ,0 ,0 ,1.051.761 ,234.018 ,234.018 ,469.734 ,133.429 ,47.008 ,0 ,289.296 ,1.460.983 ,1.460.983 ,0 ,0 ,6.184 ,6.276 ,1.155.800 ,78.864 ,89.134 ,0 ,124.725 ,196.019 ,196.019 ,18.077 ,0 ,104.661 ,0 ,0 ,0 ,0 ,73.281 ,0 ,547.388 
53.,IZOLA,8.264.872 ,2.118.707 ,815.632 ,108.484 ,1.137.961 ,275.146 ,12.306 ,154.119 ,12.277 ,25.868 ,122.409 ,14.584 ,26.365 ,494.888 ,14.902 ,0 ,0 ,14.902 ,0 ,41.729 ,2.610.149 ,19.195 ,0 ,19.195 ,141.020 ,0 ,0 ,0 ,0 ,0 ,141.020 ,361.521 ,361.521 ,2.088.412 ,99.616 ,87.302 ,31.935 ,1.869.559 ,2.477.066 ,2.477.066 ,0 ,12.873 ,100.334 ,54.394 ,1.399.232 ,236.939 ,487.122 ,0 ,186.171 ,1.058.951 ,1.058.951 ,54.966 ,267.914 ,5.571 ,318.177 ,0 ,97.417 ,58.271 ,256.635 ,0 ,-366.583 
54.,JESENICE,7.151.582 ,2.357.349 ,597.989 ,84.660 ,1.645.022 ,208.154 ,1.986 ,149.675 ,11.238 ,7.574 ,953.313 ,13.333 ,0 ,299.750 ,19.283 ,4.945 ,0 ,14.338 ,0 ,10.395 ,3.221.612 ,49.528 ,0 ,49.528 ,1.403.772 ,0 ,0 ,90.820 ,0 ,835 ,1.312.118 ,93.240 ,93.240 ,1.675.071 ,29.256 ,0 ,55.775 ,1.590.039 ,1.254.519 ,1.254.519 ,142.422 ,0 ,41.996 ,6.944 ,568.544 ,485.900 ,8.713 ,0 ,0 ,318.102 ,318.102 ,11.780 ,0 ,0 ,0 ,0 ,0 ,18.290 ,288.032 ,0 ,459.827 
55.,JEZERSKO,352.796 ,79.319 ,12.690 ,1.945 ,55.563 ,18.223 ,2.967 ,4.181 ,2.896 ,2.191 ,751 ,526 ,0 ,23.827 ,0 ,0 ,0 ,0 ,0 ,9.122 ,127.199 ,5.838 ,0 ,5.838 ,39.810 ,0 ,0 ,0 ,0 ,0 ,39.810 ,14.380 ,14.380 ,67.172 ,0 ,876 ,0 ,66.295 ,140.319 ,140.319 ,0 ,0 ,1.728 ,154 ,122.734 ,0 ,1.519 ,0 ,14.184 ,5.959 ,5.959 ,0 ,0 ,5.959 ,0 ,0 ,0 ,0 ,0 ,0 ,36.776 
56.,JURŠINCI,1.128.422 ,203.113 ,42.376 ,5.734 ,151.248 ,14.939 ,10.729 ,12.039 ,530 ,2.942 ,79.332 ,0 ,0 ,30.738 ,0 ,0 ,0 ,0 ,0 ,3.756 ,479.131 ,31.113 ,0 ,31.113 ,349.470 ,0 ,0 ,0 ,0 ,0 ,349.470 ,39.000 ,39.000 ,59.548 ,7.140 ,28.660 ,0 ,23.748 ,441.767 ,441.767 ,0 ,0 ,434 ,3.860 ,434.018 ,0 ,0 ,0 ,3.455 ,4.411 ,4.411 ,0 ,0 ,0 ,0 ,0 ,0 ,0 ,4.411 ,0 ,13 
57.,KAMNIK,9.137.944 ,1.184.685 ,553.234 ,79.736 ,455.266 ,117.163 ,13.458 ,60.411 ,7.165 ,5.809 ,46.733 ,16.471 ,0 ,188.057 ,9.468 ,9.468 ,0 ,0 ,0 ,86.980 ,4.839.564 ,214.054 ,0 ,214.054 ,581.564 ,0 ,0 ,0 ,0 ,0 ,581.564 ,413.312 ,413.312 ,3.630.633 ,158.187 ,120.694 ,33.162 ,3.318.590 ,271.541 ,271.541 ,0 ,11.309 ,24.320 ,0 ,115.820 ,66.195 ,0 ,0 ,53.898 ,2.842.155 ,2.842.155 ,0 ,0 ,0 ,3.176 ,0 ,153.217 ,0 ,2.685.762 ,0 ,668.073 
58.,KANAL,2.914.426 ,811.288 ,156.735 ,21.524 ,617.848 ,37.848 ,5.454 ,121.582 ,5.320 ,6.839 ,316.429 ,5.325 ,5.625 ,113.424 ,0 ,0 ,0 ,0 ,0 ,15.181 ,900.843 ,14.626 ,0 ,14.626 ,264.843 ,0 ,0 ,0 ,0 ,0 ,264.843 ,177.120 ,177.120 ,444.254 ,26.014 ,33.767 ,25.038 ,359.435 ,984.498 ,984.498 ,0 ,8.091 ,23.469 ,0 ,839.772 ,1.970 ,10.470 ,0 ,100.726 ,217.798 ,217.798 ,2.504 ,0 ,45.276 ,30.016 ,0 ,0 ,0 ,140.002 ,0 ,245.927 
59.,KIDRIČEVO,2.396.779 ,589.155 ,123.581 ,17.443 ,433.108 ,29.236 ,7.958 ,147.125 ,3.564 ,3.201 ,80.195 ,0 ,0 ,161.830 ,0 ,0 ,0 ,0 ,0 ,15.023 ,1.094.967 ,74.737 ,0 ,74.737 ,734.952 ,0 ,0 ,0 ,0 ,0 ,734.952 ,121.845 ,121.845 ,163.433 ,0 ,41.496 ,0 ,121.937 ,565.757 ,565.757 ,19.137 ,0 ,6.389 ,2.483 ,138.754 ,296.895 ,10.649 ,0 ,91.450 ,146.900 ,146.900 ,0 ,0 ,36.213 ,35.098 ,0 ,0 ,4.173 ,71.415 ,0 ,527.283 
60.,KOBARID,2.911.138 ,745.835 ,207.603 ,33.797 ,481.835 ,59.481 ,0 ,152.379 ,1.515 ,4.332 ,134.335 ,74.291 ,0 ,55.504 ,9.372 ,9.372 ,0 ,0 ,0 ,13.228 ,754.548 ,81.176 ,0 ,81.176 ,259.756 ,0 ,1.794 ,14.497 ,0 ,4.198 ,239.267 ,72.338 ,72.338 ,341.279 ,20.865 ,16.813 ,0 ,303.601 ,811.200 ,811.200 ,0 ,0 ,1.481 ,1.757 ,0 ,731.188 ,38.754 ,0 ,38.020 ,599.554 ,599.554 ,0 ,0 ,0 ,515.319 ,0 ,0 ,0 ,84.235 ,0 ,-6.026 
61.,KOBILJE,449.595 ,116.479 ,26.314 ,3.280 ,64.814 ,16.174 ,3.438 ,18.682 ,2.178 ,2.458 ,12.782 ,184 ,42 ,8.876 ,19.646 ,7.995 ,0 ,11.651 ,0 ,2.424 ,153.192 ,0 ,0 ,0 ,65.999 ,0 ,417 ,0 ,0 ,0 ,65.582 ,25.935 ,25.935 ,61.259 ,0 ,1.744 ,805 ,58.709 ,178.438 ,178.438 ,0 ,0 ,10.549 ,0 ,154.148 ,13.741 ,0 ,0 ,0 ,1.486 ,1.486 ,0 ,0 ,0 ,0 ,0 ,0 ,0 ,1.486 ,0 ,35.416 
62.,KOČEVJE,7.098.999 ,1.562.160 ,367.101 ,52.420 ,1.124.733 ,110.658 ,54.707 ,122.546 ,8.830 ,3.664 ,509.285 ,0 ,22.964 ,292.080 ,171 ,171 ,0 ,0 ,0 ,17.735 ,2.377.112 ,94.191 ,0 ,94.191 ,432.574 ,0 ,27.750 ,1.248 ,267 ,11.546 ,391.763 ,249.800 ,249.800 ,1.600.547 ,25.605 ,123.506 ,45.635 ,1.405.800 ,2.635.111 ,2.635.111 ,0 ,0 ,46.854 ,563 ,2.168.415 ,205.049 ,34.710 ,0 ,179.519 ,524.616 ,524.616 ,76.302 ,13.166 ,52.399 ,154.444 ,0 ,0 ,0 ,228.305 ,0 ,-31.168 
63.,KOMEN,1.348.022 ,301.899 ,66.992 ,9.715 ,215.949 ,35.770 ,2.704 ,57.737 ,0 ,4.348 ,53.067 ,3.230 ,0 ,59.093 ,3.610 ,0 ,0 ,3.610 ,0 ,5.633 ,654.369 ,1.861 ,835 ,1.027 ,292.151 ,0 ,0 ,0 ,0 ,0 ,292.151 ,88.458 ,88.458 ,271.900 ,115.265 ,8.947 ,0 ,147.688 ,384.660 ,384.660 ,0 ,0 ,10.228 ,0 ,196.420 ,124.274 ,0 ,0 ,53.739 ,7.094 ,7.094 ,0 ,0 ,7.094 ,0 ,0 ,0 ,0 ,0 ,0 ,9.831 
64.,KOMENDA,1.858.275 ,258.471 ,115.290 ,16.291 ,99.654 ,22.142 ,1.319 ,16.758 ,5.195 ,1.886 ,7.958 ,321 ,0 ,44.074 ,11.430 ,11.430 ,0 ,0 ,0 ,15.807 ,719.458 ,42.418 ,0 ,42.418 ,104.448 ,0 ,0 ,0 ,0 ,0 ,104.448 ,75.835 ,75.835 ,496.758 ,0 ,18.674 ,3.188 ,474.896 ,833.016 ,833.016 ,0 ,0 ,5.333 ,0 ,709.852 ,17.284 ,44.988 ,0 ,55.558 ,47.329 ,47.329 ,0 ,0 ,9.598 ,0 ,0 ,0 ,0 ,37.732 ,0 ,-154.081 
65.,KOPER (M),24.414.488 ,3.284.172 ,1.309.335 ,182.616 ,1.515.081 ,244.254 ,41.746 ,118.127 ,45.018 ,18.382 ,269.513 ,19.233 ,0 ,758.809 ,110.929 ,35.854 ,0 ,75.075 ,0 ,166.212 ,11.600.876 ,208.834 ,1.373 ,207.461 ,1.383.571 ,0 ,0 ,0 ,0 ,0 ,1.383.571 ,1.464.522 ,1.464.522 ,8.543.949 ,408.788 ,227.679 ,740.795 ,7.166.688 ,9.183.667 ,9.183.667 ,16.116 ,32.328 ,445.815 ,33.463 ,5.494.312 ,1.148.231 ,1.281.155 ,0 ,732.248 ,345.773 ,345.773 ,0 ,10.220 ,73.377 ,0 ,0 ,182.465 ,0 ,79.711 ,0 ,287.127 
66.,KOSTEL,574.871 ,220.806 ,103.914 ,2.320 ,111.292 ,29.720 ,5.608 ,17.693 ,0 ,2.942 ,48.861 ,1.765 ,0 ,4.703 ,150 ,0 ,0 ,150 ,0 ,3.130 ,130.763 ,0 ,0 ,0 ,76.348 ,0 ,0 ,200 ,0 ,0 ,76.148 ,33.070 ,33.070 ,21.345 ,0 ,0 ,0 ,21.345 ,223.302 ,223.302 ,21.699 ,0 ,559 ,0 ,75.405 ,125.638 ,0 ,0 ,0 ,0 ,0 ,0 ,0 ,0 ,0 ,0 ,0 ,0 ,0 ,0 ,1.957 
67.,KOZJE,1.881.126 ,147.367 ,81.823 ,7.924 ,48.439 ,1.936 ,20.264 ,8.091 ,0 ,1.502 ,4.048 ,0 ,726 ,11.872 ,0 ,0 ,0 ,0 ,0 ,9.180 ,771.374 ,168.394 ,11.163 ,157.232 ,112.260 ,43.144 ,0 ,68.428 ,0 ,0 ,689 ,51.949 ,51.949 ,438.771 ,58.421 ,0 ,0 ,380.350 ,899.750 ,899.750 ,0 ,0 ,1.686 ,0 ,703.785 ,182.566 ,0 ,0 ,11.713 ,62.636 ,62.636 ,62.636 ,0 ,0 ,0 ,0 ,0 ,0 ,0 ,0 ,-16.721 
68.,KRANJ (M),18.009.326 ,5.810.349 ,1.043.878 ,147.550 ,4.577.191 ,608.955 ,61.163 ,441.662 ,19.692 ,14.200 ,1.489.910 ,54.398 ,1.479.332 ,407.878 ,0 ,0 ,0 ,0 ,0 ,41.729 ,8.591.007 ,191.375 ,0 ,191.375 ,2.954.507 ,0 ,0 ,0 ,0 ,8.550 ,2.945.956 ,1.230.871 ,1.230.871 ,4.214.255 ,258.771 ,193.703 ,162.414 ,3.599.366 ,2.571.741 ,2.571.741 ,48.093 ,12.519 ,197.096 ,0 ,250.250 ,1.770.143 ,97.576 ,0 ,196.065 ,1.036.229 ,1.036.229 ,340.431 ,0 ,8.755 ,0 ,0 ,0 ,0 ,687.043 ,0 ,-69.404 
69.,KRANJSKA GORA,3.624.420 ,1.214.822 ,258.116 ,36.980 ,883.054 ,60.082 ,130.767 ,47.162 ,2.153 ,12.636 ,472.859 ,31.460 ,7.269 ,118.666 ,3.810 ,0 ,0 ,3.810 ,0 ,32.862 ,1.121.699 ,55.283 ,14.605 ,40.678 ,645.047 ,6.138 ,207.411 ,1.043 ,0 ,0 ,430.454 ,137.711 ,137.711 ,283.659 ,10.073 ,0 ,0 ,273.585 ,716.742 ,716.742 ,22.363 ,0 ,27.078 ,417 ,351.707 ,2.533 ,107.591 ,0 ,205.053 ,571.157 ,571.157 ,103.626 ,0 ,34.598 ,411.146 ,0 ,0 ,0 ,21.787 ,0 ,385.971 
70.,KRIŽEVCI,1.463.942 ,159.811 ,62.715 ,8.913 ,78.931 ,9.360 ,451 ,14.046 ,538 ,2.107 ,14.747 ,0 ,0 ,37.682 ,2.992 ,2.992 ,0 ,0 ,0 ,6.259 ,728.351 ,268.148 ,5.679 ,262.469 ,91.959 ,0 ,0 ,0 ,0 ,1.127 ,90.832 ,38.007 ,38.007 ,330.237 ,0 ,12.331 ,16.692 ,301.214 ,520.506 ,520.506 ,0 ,0 ,8.287 ,2.679 ,473.531 ,0 ,8.780 ,0 ,27.228 ,55.275 ,55.275 ,0 ,0 ,2.086 ,19.379 ,0 ,0 ,1.590 ,32.219 ,0 ,146.591 
71.,KRŠKO,14.429.632 ,4.112.293 ,787.606 ,109.289 ,2.962.815 ,193.073 ,38.913 ,228.443 ,37.798 ,12.803 ,1.741.124 ,26.544 ,110.883 ,573.235 ,187.243 ,187.043 ,0 ,200 ,0 ,65.340 ,6.160.048 ,954.440 ,68.782 ,885.658 ,2.576.899 ,0 ,0 ,0 ,0 ,22.438 ,2.554.461 ,664.559 ,664.559 ,1.964.150 ,434.168 ,159.602 ,74.896 ,1.295.485 ,3.315.678 ,3.315.678 ,26.289 ,40.886 ,74.537 ,2.458 ,2.199.328 ,473.594 ,219.984 ,0 ,278.601 ,841.612 ,841.612 ,105.341 ,0 ,61.526 ,0 ,0 ,4.991 ,4.173 ,665.582 ,0 ,24.015 
72.,KUNGOTA,1.739.155 ,190.039 ,76.302 ,13.491 ,100.109 ,37.811 ,0 ,9.135 ,0 ,1.907 ,1.056 ,0 ,0 ,50.200 ,138 ,0 ,138 ,0 ,0 ,0 ,791.370 ,1.014 ,0 ,1.014 ,234.844 ,72.296 ,0 ,3.639 ,0 ,0 ,158.909 ,40.377 ,40.377 ,515.135 ,127.717 ,56.297 ,57.649 ,273.473 ,80.671 ,80.671 ,0 ,0 ,2.450 ,5.688 ,0 ,67.255 ,0 ,0 ,5.279 ,677.074 ,677.074 ,677.074 ,0 ,0 ,0 ,0 ,0 ,0 ,0 ,0 ,1.498 
73.,KUZMA,895.218 ,257.670 ,66.533 ,19.563 ,158.454 ,29.127 ,5.258 ,24.124 ,2.984 ,3.134 ,69.926 ,0 ,0 ,23.903 ,50 ,50 ,0 ,0 ,0 ,13.070 ,222.672 ,1.110 ,0 ,1.110 ,115.098 ,0 ,0 ,15.169 ,0 ,0 ,99.929 ,63.474 ,63.474 ,42.989 ,6.113 ,0 ,1.398 ,35.478 ,407.365 ,407.365 ,0 ,0 ,2.483 ,142 ,274.220 ,72.434 ,34.485 ,0 ,23.602 ,7.511 ,7.511 ,0 ,0 ,0 ,0 ,0 ,0 ,0 ,7.511 ,0 ,39.630 
74.,LAŠKO,5.351.227 ,964.050 ,353.046 ,49.024 ,428.267 ,73.706 ,0 ,31.326 ,14.710 ,8.233 ,27.775 ,551 ,0 ,271.966 ,75.459 ,0 ,0 ,0 ,75.459 ,58.254 ,2.561.146 ,5.049 ,0 ,5.049 ,1.197.304 ,0 ,0 ,0 ,0 ,0 ,1.197.304 ,155.963 ,155.963 ,1.202.829 ,198.615 ,65.665 ,74.286 ,864.263 ,1.691.504 ,1.691.504 ,0 ,0 ,54.728 ,768 ,1.044.141 ,396.954 ,140.986 ,0 ,53.927 ,134.527 ,134.527 ,0 ,0 ,20.877 ,82.086 ,0 ,0 ,1.882 ,29.682 ,0 ,353.368 
75.,LENART,5.104.031 ,979.252 ,255.462 ,35.512 ,637.344 ,70.785 ,4.824 ,174.107 ,10.395 ,5.521 ,274.378 ,0 ,0 ,97.334 ,7.336 ,0 ,0 ,7.336 ,0 ,43.599 ,1.717.109 ,129.649 ,0 ,129.649 ,883.258 ,0 ,0 ,0 ,0 ,0 ,883.258 ,214.292 ,214.292 ,489.910 ,156.464 ,50.071 ,95.301 ,188.074 ,255.788 ,255.788 ,0 ,9.322 ,36.947 ,0 ,123.748 ,22.793 ,57.870 ,0 ,5.108 ,2.151.882 ,2.151.882 ,18.474 ,0 ,292 ,0 ,0 ,0 ,276.239 ,1.856.877 ,0 ,-264.434 
76.,LENDAVA,4.875.321 ,1.173.640 ,400.830 ,51.728 ,688.504 ,82.528 ,91.775 ,81.885 ,126.181 ,17.631 ,211.471 ,7.874 ,0 ,69.158 ,12.210 ,12.210 ,0 ,0 ,0 ,20.368 ,1.908.450 ,0 ,0 ,0 ,394.759 ,0 ,0 ,0 ,0 ,23.348 ,371.411 ,212.957 ,212.957 ,1.300.734 ,85.545 ,101.235 ,73.018 ,1.040.936 ,1.350.876 ,1.350.876 ,0 ,0 ,110.804 ,0 ,940.957 ,223.706 ,36.334 ,0 ,39.075 ,442.355 ,442.355 ,216.679 ,0 ,85.441 ,0 ,0 ,12.519 ,0 ,127.717 ,0 ,87.143 
77.,LITIJA,6.750.643 ,984.911 ,286.855 ,39.305 ,610.850 ,108.500 ,29.799 ,113.750 ,6.485 ,5.212 ,37.360 ,83.221 ,17.656 ,208.867 ,18.691 ,18.691 ,0 ,0 ,0 ,29.210 ,3.466.320 ,200.451 ,0 ,200.451 ,815.991 ,0 ,33.383 ,0 ,0 ,1.753 ,780.855 ,268.891 ,268.891 ,2.180.988 ,136.601 ,91.020 ,49.049 ,1.904.319 ,1.490.966 ,1.490.966 ,0 ,0 ,17.372 ,0 ,1.185.733 ,48.293 ,55.103 ,0 ,184.464 ,808.446 ,808.446 ,21.799 ,0 ,52.579 ,41.729 ,0 ,8.346 ,31.990 ,652.003 ,0 ,-24.549 
78.,LJUBLJANA (M),152.521.428 ,34.920.205 ,7.007.549 ,965.623 ,25.821.749 ,2.352.074 ,830.926 ,1.269.930 ,148.936 ,156.017 ,15.058.588 ,336.580 ,2.465.327 ,3.203.372 ,36.893 ,0 ,0 ,0 ,36.893 ,1.088.391 ,62.237.152 ,4.223.514 ,3.472.642 ,750.872 ,25.180.199 ,0 ,0 ,28.630 ,5.846 ,173.322 ,24.972.400 ,7.286.559 ,7.286.559 ,25.546.879 ,50.033 ,1.324.282 ,6.244.029 ,17.928.534 ,43.762.999 ,43.762.999 ,1.260.436 ,118.415 ,1.848.014 ,101.527 ,24.026.106 ,11.732.474 ,1.752.237 ,0 ,2.923.790 ,11.601.072 ,11.601.072 ,0 ,4.585.979 ,349.295 ,32.052 ,0 ,0 ,0 ,6.633.746 ,0 ,-4.262.540 
79.,LJUBNO,1.339.226 ,307.607 ,64.167 ,8.930 ,221.991 ,13.821 ,4.123 ,27.237 ,0 ,1.682 ,138.020 ,0 ,0 ,37.110 ,0 ,0 ,0 ,0 ,0 ,12.519 ,367.009 ,43.732 ,3.030 ,40.703 ,92.122 ,0 ,3.731 ,0 ,0 ,0 ,88.391 ,67.163 ,67.163 ,163.992 ,0 ,9.352 ,0 ,154.640 ,664.609 ,664.609 ,2.249 ,0 ,1.515 ,0 ,631.351 ,0 ,7.315 ,0 ,22.179 ,0 ,0 ,0 ,0 ,0 ,0 ,0 ,0 ,0 ,0 ,0 ,208.913 
80.,LJUTOMER,5.060.007 ,644.876 ,321.966 ,45.452 ,235.879 ,34.498 ,1.515 ,35.023 ,8.517 ,3.760 ,18.941 ,4.920 ,5.425 ,123.281 ,8.212 ,0 ,0 ,8.212 ,0 ,33.367 ,2.677.045 ,408.108 ,7.499 ,400.609 ,309.982 ,0 ,1.832 ,0 ,0 ,7.628 ,300.522 ,185.716 ,185.716 ,1.773.239 ,379.244 ,70.940 ,64.392 ,1.258.663 ,908.191 ,908.191 ,96 ,1.732 ,24.332 ,1.035 ,763.671 ,21.641 ,2.508 ,0 ,93.177 ,829.895 ,829.895 ,0 ,105.729 ,20.835 ,390.386 ,0 ,14.025 ,0 ,298.919 ,0 ,-184.143 
81.,LOGATEC,4.956.681 ,530.183 ,277.349 ,39.543 ,197.563 ,45.239 ,0 ,34.806 ,11.350 ,1.961 ,33.037 ,8.884 ,0 ,62.285 ,6.610 ,0 ,0 ,6.610 ,0 ,9.118 ,2.027.909 ,47.246 ,0 ,47.246 ,451.632 ,0 ,0 ,0 ,0 ,4.457 ,447.175 ,223.243 ,223.243 ,1.305.788 ,101.077 ,27.975 ,34.635 ,1.142.101 ,2.327.466 ,2.327.466 ,204.056 ,12.982 ,6.092 ,0 ,1.639.705 ,264.576 ,129.507 ,0 ,70.547 ,71.123 ,71.123 ,0 ,0 ,0 ,0 ,0 ,0 ,0 ,71.123 ,0 ,145.393 
82.,LOŠKA DOLINA,1.886.375 ,480.208 ,99.195 ,14.793 ,357.620 ,32.720 ,23.126 ,47.863 ,3.526 ,2.420 ,202.333 ,2.746 ,11.413 ,31.472 ,0 ,0 ,0 ,0 ,0 ,8.600 ,541.462 ,4.753 ,0 ,4.753 ,82.086 ,0 ,0 ,0 ,0 ,0 ,82.086 ,90.628 ,90.628 ,363.996 ,0 ,8.726 ,54.561 ,300.709 ,856.360 ,856.360 ,31.668 ,0 ,11.592 ,0 ,638.424 ,132.349 ,8.446 ,0 ,33.880 ,8.346 ,8.346 ,0 ,0 ,0 ,0 ,0 ,0 ,0 ,8.346 ,0 ,-168.841 
83.,LOŠKI POTOK,1.041.554 ,149.942 ,47.492 ,6.869 ,77.533 ,25.734 ,0 ,21.745 ,2.228 ,3.096 ,5.600 ,0 ,0 ,19.129 ,6.802 ,0 ,0 ,6.802 ,0 ,11.246 ,337.723 ,3.777 ,0 ,3.777 ,0 ,0 ,0 ,0 ,0 ,0 ,0 ,27.783 ,27.783 ,306.163 ,17.172 ,4.599 ,11.392 ,273.001 ,514.063 ,514.063 ,0 ,12.702 ,21.995 ,13.383 ,99.257 ,276.298 ,19.571 ,0 ,70.856 ,39.826 ,39.826 ,0 ,0 ,22.409 ,0 ,0 ,0 ,0 ,17.418 ,0 ,26.131 
84.,LOVRENC NA POHORJU,1.330.583 ,521.040 ,140.440 ,20.105 ,354.236 ,58.392 ,0 ,42.768 ,5.091 ,7.478 ,204.261 ,238 ,0 ,36.008 ,0 ,0 ,0 ,0 ,0 ,6.259 ,430.316 ,15.820 ,0 ,15.820 ,98.815 ,0 ,0 ,0 ,0 ,0 ,98.815 ,60.420 ,60.420 ,255.262 ,0 ,21.507 ,23.381 ,210.374 ,296.557 ,296.557 ,0 ,0 ,13.428 ,0 ,139.714 ,91.400 ,41.796 ,0 ,10.220 ,82.670 ,82.670 ,0 ,34.352 ,29.039 ,0 ,0 ,0 ,0 ,19.279 ,0 ,-1.390 
85.,LUČE,840.657 ,270.155 ,42.727 ,5.225 ,215.945 ,12.944 ,10.520 ,18.524 ,9.886 ,138 ,122.713 ,1.786 ,4.548 ,34.886 ,0 ,0 ,0 ,0 ,0 ,6.259 ,231.481 ,49.587 ,10.140 ,39.447 ,73.406 ,0 ,1.206 ,292 ,0 ,0 ,71.908 ,29.670 ,29.670 ,78.818 ,0 ,5.162 ,1.252 ,72.404 ,285.729 ,285.729 ,16.692 ,0 ,34.623 ,342 ,195.990 ,17.359 ,4.624 ,0 ,16.099 ,53.292 ,53.292 ,0 ,28.530 ,330 ,0 ,0 ,0 ,0 ,24.432 ,0 ,-1.865 
86.,LUKOVICA,2.704.219 ,869.212 ,182.540 ,27.354 ,639.422 ,129.895 ,3.096 ,42.468 ,27.020 ,2.662 ,377.675 ,0 ,0 ,56.606 ,0 ,0 ,0 ,0 ,0 ,19.897 ,942.238 ,58.901 ,0 ,58.901 ,382.211 ,0 ,68.060 ,12.744 ,0 ,8.984 ,292.422 ,73.060 ,73.060 ,428.067 ,188.316 ,11.546 ,956 ,227.249 ,861.805 ,861.805 ,25.275 ,22.091 ,62.732 ,0 ,693.920 ,0 ,40.932 ,0 ,16.854 ,30.963 ,30.963 ,12.519 ,0 ,4.173 ,0 ,0 ,0 ,0 ,14.271 ,0 ,-273.731 
87.,MAJŠPERK,1.784.239 ,627.704 ,83.075 ,13.913 ,530.717 ,23.327 ,63 ,23.936 ,63.979 ,1.707 ,120.339 ,0 ,0 ,297.367 ,0 ,0 ,0 ,0 ,0 ,0 ,322.212 ,14.998 ,0 ,14.998 ,76.231 ,0 ,0 ,0 ,0 ,0 ,76.231 ,42.426 ,42.426 ,188.558 ,0 ,31.685 ,0 ,156.873 ,834.322 ,834.322 ,44.859 ,0 ,8.459 ,0 ,779.165 ,0 ,0 ,0 ,1.840 ,0 ,0 ,0 ,0 ,0 ,0 ,0 ,0 ,0 ,0 ,0 ,112.673 
88.,MARIBOR (M),57.381.768 ,8.198.456 ,3.079.582 ,437.448 ,4.567.443 ,1.218.991 ,14.697 ,1.094.016 ,62.690 ,58.446 ,368.177 ,284.289 ,591.078 ,875.058 ,3.739 ,734 ,0 ,3.005 ,0 ,110.245 ,29.144.137 ,366.220 ,0 ,366.220 ,1.469.029 ,0 ,0 ,0 ,0 ,0 ,1.469.029 ,2.249.958 ,2.249.958 ,25.058.930 ,131.656 ,540.603 ,1.589.163 ,22.797.509 ,4.080.124 ,4.080.124 ,0 ,755.066 ,449.190 ,2.833 ,1.278.401 ,625.780 ,212.097 ,62.135 ,694.621 ,15.959.051 ,15.959.051 ,0 ,2.256.401 ,487.248 ,9.558.822 ,0 ,946.916 ,25.789 ,2.683.876 ,0 ,-4.884.293 
89.,MARKOVCI,2.206.593 ,245.835 ,60.754 ,12.085 ,172.997 ,10.766 ,572 ,9.297 ,2.483 ,3.923 ,5.270 ,0 ,0 ,140.686 ,0 ,0 ,0 ,0 ,0 ,0 ,637.122 ,58.421 ,0 ,58.421 ,141.446 ,0 ,0 ,0 ,0 ,5.563 ,135.883 ,142.981 ,142.981 ,294.275 ,0 ,26.986 ,0 ,267.288 ,1.264.781 ,1.264.781 ,0 ,0 ,41.721 ,0 ,1.057.820 ,165.240 ,0 ,0 ,0 ,58.855 ,58.855 ,0 ,0 ,40.561 ,0 ,0 ,0 ,0 ,18.294 ,0 ,-57.044 
90.,MEDVODE,4.600.734 ,1.402.358 ,181.531 ,26.068 ,1.150.405 ,75.259 ,38.120 ,101.223 ,5.483 ,2.078 ,476.486 ,0 ,0 ,451.757 ,0 ,0 ,0 ,0 ,0 ,44.354 ,1.843.056 ,268.882 ,31.297 ,237.586 ,75.355 ,0 ,0 ,0 ,0 ,0 ,75.355 ,264.263 ,264.263 ,1.234.556 ,125.038 ,48.435 ,0 ,1.061.083 ,1.098.573 ,1.098.573 ,54.144 ,0 ,67.948 ,100 ,751.498 ,21.520 ,90.699 ,0 ,112.665 ,256.748 ,256.748 ,0 ,0 ,175 ,0 ,0 ,0 ,0 ,256.572 ,0 ,1.013.320 
91.,MENGEŠ,2.100.317 ,660.962 ,161.467 ,23.072 ,465.640 ,73.852 ,11.083 ,99.257 ,1.410 ,2.641 ,132.361 ,5.859 ,0 ,139.175 ,0 ,0 ,0 ,0 ,0 ,10.783 ,811.467 ,19.659 ,0 ,19.659 ,437.823 ,0 ,0 ,0 ,0 ,7.186 ,430.638 ,142.764 ,142.764 ,211.221 ,0 ,20.034 ,8.596 ,182.591 ,555.554 ,555.554 ,0 ,0 ,73.272 ,3.580 ,307.269 ,125.513 ,3.839 ,0 ,42.080 ,72.334 ,72.334 ,0 ,0 ,20.865 ,0 ,0 ,0 ,0 ,51.469 ,0 ,56.255 
92.,METLIKA,4.013.153 ,802.612 ,137.823 ,20.314 ,617.084 ,322.667 ,0 ,152.495 ,4.870 ,2.929 ,34.118 ,113 ,0 ,99.892 ,2.166 ,2.166 ,0 ,0 ,0 ,25.225 ,1.178.998 ,30.855 ,0 ,30.855 ,197.630 ,0 ,0 ,96.386 ,0 ,2.391 ,98.852 ,96.753 ,96.753 ,853.760 ,99.508 ,28.226 ,20.865 ,705.162 ,1.978.330 ,1.978.330 ,0 ,0 ,17.927 ,0 ,1.108.726 ,672.229 ,78.522 ,0 ,100.926 ,53.213 ,53.213 ,34.218 ,0 ,0 ,0 ,0 ,0 ,0 ,18.995 ,0 ,-232.090 
93.,MEŽICA,1.402.458 ,557.595 ,112.189 ,15.795 ,427.929 ,48.218 ,49.683 ,50.693 ,8.842 ,2.633 ,177.792 ,4.599 ,259 ,85.211 ,0 ,0 ,0 ,0 ,0 ,1.682 ,556.172 ,45.948 ,5.195 ,40.753 ,97.267 ,0 ,0 ,13.771 ,1.519 ,0 ,81.977 ,128.405 ,128.405 ,284.552 ,0 ,14.580 ,1.440 ,268.532 ,230.671 ,230.671 ,14.543 ,13.299 ,21.424 ,355 ,131.230 ,7.678 ,13.111 ,0 ,29.031 ,58.020 ,58.020 ,0 ,0 ,0 ,20.464 ,0 ,0 ,0 ,37.556 ,0 ,24.374 
94.,MIKLAVŽ NA DRAVSKEM POLJU,1.971.052 ,576.106 ,163.862 ,23.944 ,352.470 ,94.024 ,1.861 ,55.124 ,317 ,4.498 ,110.103 ,4.098 ,0 ,82.445 ,54 ,0 ,0 ,54 ,0 ,35.775 ,716.946 ,35.345 ,0 ,35.345 ,218.803 ,0 ,0 ,8.867 ,0 ,0 ,209.936 ,66.512 ,66.512 ,396.286 ,0 ,15.348 ,2.754 ,378.184 ,635.361 ,635.361 ,0 ,0 ,1.615 ,4.453 ,402.783 ,143.390 ,2.725 ,0 ,80.396 ,42.639 ,42.639 ,0 ,0 ,25.547 ,0 ,0 ,0 ,0 ,17.092 ,0 ,-6.226 
95.,MIREN - KOSTANJEVICA,1.740.444 ,401.256 ,91.345 ,13.040 ,292.151 ,24.337 ,0 ,62.848 ,6.919 ,1.632 ,108.584 ,2.278 ,0 ,85.553 ,13 ,13 ,0 ,0 ,0 ,4.707 ,623.690 ,21.804 ,0 ,21.804 ,155.216 ,0 ,906 ,14.680 ,0 ,0 ,139.630 ,70.414 ,70.414 ,376.256 ,28.297 ,15.411 ,30.763 ,301.786 ,548.907 ,548.907 ,44.354 ,8.137 ,11.684 ,0 ,434.627 ,0 ,3.626 ,0 ,46.478 ,166.592 ,166.592 ,62.594 ,0 ,22.626 ,16.395 ,0 ,0 ,0 ,64.977 ,0 ,82.061 
96.,MIRNA PEČ,1.024.132 ,193.636 ,50.650 ,6.340 ,130.386 ,11.301 ,0 ,15.627 ,0 ,844 ,59.155 ,68 ,0 ,43.392 ,0 ,0 ,0 ,0 ,0 ,6.259 ,489.749 ,131.773 ,0 ,131.773 ,91.854 ,0 ,0 ,0 ,0 ,0 ,91.854 ,31.652 ,31.652 ,234.470 ,0 ,6.009 ,0 ,228.462 ,313.016 ,313.016 ,0 ,0 ,11.198 ,0 ,113.761 ,82.759 ,21.301 ,0 ,83.998 ,27.731 ,27.731 ,0 ,0 ,15.023 ,0 ,0 ,0 ,0 ,12.708 ,0 ,68.836 
97.,MISLINJA,1.865.849 ,446.983 ,69.262 ,10.699 ,357.532 ,33.751 ,1.060 ,24.933 ,5.738 ,1.202 ,246.708 ,4.603 ,2.379 ,37.160 ,309 ,0 ,0 ,309 ,0 ,9.180 ,590.732 ,15.369 ,0 ,15.369 ,287.410 ,0 ,0 ,0 ,0 ,0 ,287.410 ,74.967 ,74.967 ,212.986 ,11.855 ,0 ,8.634 ,192.497 ,812.298 ,812.298 ,4.878 ,12.869 ,36.200 ,0 ,611.217 ,1.177 ,114.263 ,0 ,31.693 ,15.836 ,15.836 ,15.836 ,0 ,0 ,0 ,0 ,0 ,0 ,0 ,0 ,-13.216 
98.,MORAVČE,2.181.760 ,479.185 ,154.302 ,21.612 ,303.272 ,59.635 ,11.722 ,47.834 ,11.246 ,3.601 ,127.571 ,3.251 ,0 ,38.412 ,0 ,0 ,0 ,0 ,0 ,0 ,565.365 ,123.539 ,1.607 ,121.933 ,262.656 ,0 ,0 ,10.386 ,0 ,0 ,252.270 ,67.973 ,67.973 ,111.196 ,0 ,10.962 ,0 ,100.234 ,455.383 ,455.383 ,0 ,10.941 ,24.495 ,0 ,379.432 ,8.513 ,0 ,0 ,32.002 ,681.827 ,681.827 ,0 ,0 ,17.735 ,0 ,0 ,19.901 ,0 ,644.191 ,0 ,-96.683 
99.,MORAVSKE TOPLICE,3.359.397 ,853.121 ,153.576 ,21.670 ,635.136 ,90.043 ,41.504 ,72.329 ,9.735 ,6.443 ,340.861 ,142 ,6.435 ,67.643 ,23.452 ,0 ,0 ,23.452 ,0 ,19.287 ,1.334.548 ,480.992 ,7.378 ,473.615 ,231.347 ,0 ,0 ,0 ,0 ,9.735 ,221.612 ,135.491 ,135.491 ,486.718 ,11.713 ,38.846 ,6.743 ,429.415 ,1.017.889 ,1.017.889 ,0 ,0 ,108.459 ,1.214 ,703.130 ,20.547 ,35.299 ,0 ,149.241 ,153.839 ,153.839 ,0 ,0 ,119.947 ,0 ,0 ,0 ,0 ,33.893 ,0 ,-54.436 
100.,MOZIRJE,3.048.652 ,514.326 ,144.492 ,20.368 ,301.928 ,46.616 ,11.509 ,46.937 ,1.753 ,1.306 ,119.262 ,10.929 ,0 ,63.616 ,31.243 ,31.243 ,0 ,0 ,0 ,16.295 ,917.409 ,77.667 ,1.198 ,76.469 ,145.038 ,0 ,0 ,0 ,0 ,0 ,145.038 ,118.332 ,118.332 ,576.373 ,64.347 ,16.087 ,12.419 ,483.521 ,1.513.403 ,1.513.403 ,25.872 ,5.529 ,5.859 ,0 ,1.329.386 ,108.004 ,20.443 ,0 ,18.311 ,103.514 ,103.514 ,0 ,0 ,21.816 ,0 ,0 ,10.053 ,901 ,70.744 ,0 ,-10.094 
101.,MURSKA SOBOTA (M),11.840.093 ,1.997.196 ,563.562 ,75.467 ,1.192.380 ,135.900 ,4.799 ,220.931 ,16.337 ,15.874 ,594.926 ,33.267 ,0 ,170.347 ,72.655 ,67.939 ,0 ,4.715 ,0 ,93.131 ,5.767.919 ,397.271 ,0 ,397.271 ,181.088 ,0 ,0 ,0 ,0 ,20.184 ,160.904 ,788.499 ,788.499 ,4.401.060 ,630.208 ,155.400 ,1.235.286 ,2.380.166 ,3.019.342 ,3.019.342 ,124.503 ,0 ,158.625 ,0 ,2.178.756 ,324.754 ,64.213 ,0 ,168.490 ,1.055.638 ,1.055.638 ,0 ,208.646 ,185.416 ,79.703 ,0 ,0 ,0 ,581.873 ,0 ,-1.482.636 
102.,MUTA,1.566.679 ,188.232 ,43.269 ,6.097 ,127.925 ,62.552 ,1.515 ,12.707 ,33 ,2.500 ,9.448 ,121 ,0 ,39.050 ,2.162 ,664 ,0 ,1.498 ,0 ,8.780 ,623.652 ,16.487 ,0 ,16.487 ,299.796 ,0 ,0 ,0 ,0 ,2.604 ,297.192 ,54.920 ,54.920 ,252.450 ,0 ,0 ,71.453 ,180.996 ,728.626 ,728.626 ,11.943 ,0 ,9.706 ,0 ,569.074 ,10.270 ,81.414 ,0 ,46.219 ,26.168 ,26.168 ,0 ,0 ,438 ,0 ,0 ,0 ,1.177 ,24.554 ,0 ,-61.955 
103.,NAKLO,1.561.192 ,404.720 ,81.422 ,11.375 ,296.432 ,51.995 ,15.056 ,27.662 ,2.007 ,2.900 ,134.435 ,18.486 ,1.018 ,42.873 ,0 ,0 ,0 ,0 ,0 ,15.490 ,490.482 ,19.913 ,0 ,19.913 ,296.783 ,0 ,4.006 ,9.435 ,0 ,0 ,283.342 ,111.651 ,111.651 ,62.135 ,0 ,0 ,0 ,62.135 ,596.357 ,596.357 ,46.937 ,13.378 ,13.616 ,9.652 ,251.586 ,165.169 ,92.493 ,0 ,3.526 ,69.634 ,69.634 ,0 ,0 ,3.238 ,35.432 ,0 ,0 ,0 ,30.963 ,0 ,60.378 
104.,NAZARJE,2.044.091 ,524.896 ,56.844 ,9.080 ,381.898 ,22.980 ,0 ,22.655 ,993 ,321 ,274.633 ,26.214 ,4.415 ,29.686 ,61.133 ,61.133 ,0 ,0 ,0 ,15.941 ,347.601 ,15.440 ,2.934 ,12.506 ,69.980 ,0 ,0 ,67.818 ,0 ,0 ,2.162 ,39.722 ,39.722 ,222.459 ,13.466 ,7.390 ,2.124 ,199.478 ,1.159.055 ,1.159.055 ,0 ,0 ,197.759 ,221 ,865.878 ,86.776 ,8.421 ,0 ,0 ,12.540 ,12.540 ,0 ,0 ,0 ,0 ,0 ,5.325 ,835 ,6.380 ,0 ,572.525 
105.,NOVA GORICA (M),22.141.708 ,5.676.861 ,1.122.392 ,160.870 ,4.300.868 ,490.269 ,92.530 ,1.370.331 ,48.105 ,17.843 ,1.283.809 ,164.292 ,11.017 ,822.672 ,1.089 ,0 ,0 ,1.089 ,0 ,91.642 ,7.205.003 ,538.428 ,281.710 ,256.718 ,672.137 ,0 ,0 ,0 ,0 ,12.535 ,659.602 ,1.413.015 ,1.413.015 ,4.581.422 ,712.899 ,93.353 ,332.962 ,3.442.209 ,3.447.066 ,3.447.066 ,369.650 ,3.372 ,129.957 ,13.424 ,1.805.416 ,166.583 ,637.719 ,0 ,320.944 ,5.812.778 ,5.812.778 ,637.878 ,476.657 ,225.810 ,1.033.884 ,0 ,0 ,0 ,3.438.549 ,0 ,-746.962 
106.,NOVO MESTO (M),16.885.403 ,3.155.984 ,1.001.623 ,144.663 ,1.715.160 ,230.604 ,6.622 ,657.716 ,13.211 ,15.102 ,144.004 ,16.320 ,48.010 ,583.571 ,210.040 ,210.040 ,0 ,0 ,0 ,84.498 ,8.684.781 ,1.272.722 ,291.395 ,981.326 ,1.041.600 ,29.169 ,0 ,245.251 ,0 ,32.052 ,735.128 ,110.520 ,110.520 ,6.259.940 ,895.168 ,0 ,441.187 ,4.923.585 ,4.965.452 ,4.965.452 ,0 ,0 ,330.195 ,20.865 ,2.651.127 ,1.049.887 ,197.434 ,0 ,715.945 ,79.185 ,79.185 ,0 ,0 ,0 ,0 ,0 ,0 ,0 ,79.185 ,0 ,13.933 
107.,ODRANCI,697.813 ,149.044 ,53.451 ,6.514 ,84.498 ,15.398 ,3.105 ,27.708 ,1.072 ,2.049 ,14.409 ,634 ,417 ,19.705 ,4.582 ,346 ,4.236 ,0 ,0 ,0 ,256.443 ,107.127 ,0 ,107.127 ,7.687 ,209 ,0 ,2.692 ,0 ,0 ,4.786 ,29.578 ,29.578 ,112.051 ,0 ,12.331 ,2.808 ,96.912 ,285.683 ,285.683 ,0 ,88.746 ,7.119 ,0 ,184.982 ,0 ,0 ,0 ,4.836 ,6.643 ,6.643 ,0 ,0 ,0 ,4.035 ,0 ,0 ,0 ,2.608 ,0 ,-11.834 
108.,OPLOTNICA,1.759.606 ,450.689 ,107.323 ,12.064 ,313.228 ,63.983 ,3.914 ,53.968 ,0 ,3.100 ,134.139 ,8.020 ,588 ,45.514 ,12.944 ,12.944 ,0 ,0 ,0 ,5.129 ,573.001 ,74.195 ,0 ,74.195 ,283.479 ,0 ,0 ,709 ,0 ,5.759 ,277.011 ,102.762 ,102.762 ,112.565 ,3.280 ,16.420 ,17.067 ,75.797 ,701.828 ,701.828 ,0 ,0 ,6.067 ,0 ,628.030 ,24.708 ,0 ,0 ,43.023 ,34.089 ,34.089 ,0 ,0 ,0 ,179 ,0 ,0 ,0 ,33.909 ,0 ,-52.608 
109.,ORMOŽ,8.460.808 ,1.898.456 ,430.283 ,60.048 ,1.252.800 ,181.597 ,743 ,153.075 ,10.854 ,6.476 ,577.692 ,48.089 ,2.086 ,272.187 ,64.509 ,179 ,4 ,54.774 ,9.552 ,90.815 ,3.687.460 ,1.227.779 ,514.522 ,713.257 ,1.379.023 ,0 ,0 ,0 ,0 ,60.971 ,1.318.052 ,361.613 ,361.613 ,719.045 ,123.686 ,97.621 ,0 ,497.738 ,2.583.963 ,2.583.963 ,68.415 ,0 ,121.299 ,20.406 ,1.659.518 ,342.944 ,109.093 ,0 ,262.289 ,290.928 ,290.928 ,32.207 ,0 ,27.934 ,0 ,0 ,0 ,2.107 ,228.681 ,0 ,300.480 
110.,OSILNICA,368.799 ,126.790 ,80.863 ,10.144 ,34.844 ,17.418 ,0 ,2.871 ,2.036 ,6.022 ,1.557 ,0 ,0 ,4.941 ,0 ,0 ,0 ,0 ,0 ,939 ,43.590 ,0 ,0 ,0 ,0 ,0 ,0 ,0 ,0 ,0 ,0 ,822 ,822 ,42.768 ,0 ,1.782 ,0 ,40.986 ,198.418 ,198.418 ,0 ,0 ,4.044 ,0 ,147.225 ,2.070 ,2.596 ,0 ,42.485 ,0 ,0 ,0 ,0 ,0 ,0 ,0 ,0 ,0 ,0 ,0 ,-24.203 
111.,PESNICA,3.387.423 ,940.327 ,203.998 ,21.728 ,691.274 ,59.026 ,4.565 ,36.325 ,66.208 ,2.913 ,382.332 ,0 ,0 ,139.906 ,14.242 ,14.242 ,0 ,0 ,0 ,9.084 ,856.864 ,77.258 ,0 ,77.258 ,7.169 ,0 ,0 ,0 ,0 ,0 ,7.169 ,51.673 ,51.673 ,720.764 ,4.173 ,97.313 ,2.450 ,616.829 ,1.536.012 ,1.536.012 ,0 ,0 ,11.296 ,0 ,1.002.788 ,496.979 ,388 ,0 ,24.562 ,54.219 ,54.219 ,0 ,0 ,38.625 ,0 ,0 ,0 ,0 ,15.594 ,0 ,301.402 
112.,PIRAN,9.431.660 ,1.852.437 ,795.911 ,114.747 ,885.078 ,171.945 ,30.467 ,142.192 ,17.843 ,11.772 ,66.550 ,52.950 ,147.688 ,243.670 ,11.901 ,11.901 ,0 ,0 ,0 ,44.801 ,4.783.534 ,188.875 ,0 ,188.875 ,382.177 ,0 ,0 ,70.552 ,0 ,0 ,311.626 ,743.741 ,743.741 ,3.468.741 ,143.828 ,75.730 ,44.337 ,3.204.845 ,1.486.910 ,1.486.910 ,0 ,8.884 ,50.338 ,6.072 ,994.713 ,109.293 ,98.973 ,0 ,218.636 ,1.308.780 ,1.308.780 ,10.975 ,0 ,48.615 ,111.521 ,0 ,100.200 ,32.661 ,1.004.807 ,0 ,687.936 
113.,PIVKA,2.521.779 ,697.646 ,143.035 ,20.276 ,449.487 ,50.906 ,88 ,64.167 ,7.298 ,5.300 ,246.950 ,8.968 ,0 ,65.811 ,0 ,0 ,0 ,0 ,0 ,84.848 ,877.896 ,66.082 ,0 ,66.082 ,193.156 ,0 ,23.857 ,3.731 ,0 ,0 ,165.569 ,105.170 ,105.170 ,513.487 ,36.087 ,19.095 ,1.402 ,456.902 ,946.236 ,946.236 ,0 ,9.911 ,67.447 ,2.583 ,599.846 ,131.919 ,57.027 ,0 ,77.504 ,0 ,0 ,0 ,0 ,0 ,0 ,0 ,0 ,0 ,0 ,0 ,-50.530 
114.,PODČETRTEK,1.611.855 ,463.282 ,74.366 ,10.612 ,341.729 ,32.895 ,0 ,45.556 ,801 ,4.782 ,164.042 ,23.527 ,0 ,70.126 ,26.143 ,8.025 ,0 ,18.119 ,0 ,10.432 ,834.990 ,2.320 ,0 ,2.320 ,203.388 ,0 ,0 ,246 ,0 ,0 ,203.142 ,90.515 ,90.515 ,538.766 ,214.914 ,26.223 ,5.149 ,292.480 ,276.790 ,276.790 ,5.533 ,0 ,4.256 ,0 ,231.794 ,0 ,1.878 ,0 ,33.329 ,36.793 ,36.793 ,0 ,0 ,0 ,0 ,0 ,0 ,0 ,36.793 ,0 ,72.363 
115.,PODLEHNIK,1.168.469 ,171.361 ,57.503 ,10.453 ,103.405 ,64.718 ,5.671 ,8.525 ,2.616 ,0 ,10.950 ,2.337 ,0 ,8.588 ,0 ,0 ,0 ,0 ,0 ,0 ,362.873 ,118.081 ,17.476 ,100.605 ,121.900 ,1.594 ,0 ,0 ,0 ,0 ,120.305 ,31.243 ,31.243 ,91.650 ,0 ,21.970 ,0 ,69.680 ,634.235 ,634.235 ,0 ,0 ,0 ,0 ,531.138 ,92.589 ,0 ,0 ,10.507 ,0 ,0 ,0 ,0 ,0 ,0 ,0 ,0 ,0 ,0 ,0 ,-42.981 
116.,PODVELKA,1.659.681 ,173.873 ,53.059 ,7.353 ,105.721 ,39.939 ,1.494 ,18.570 ,931 ,5.325 ,4.244 ,1.523 ,4.014 ,29.682 ,380 ,380 ,0 ,0 ,0 ,7.361 ,644.120 ,7.482 ,7.482 ,0 ,118.711 ,0 ,0 ,18.891 ,3.847 ,0 ,95.973 ,93.995 ,93.995 ,423.932 ,5.533 ,0 ,148.556 ,269.842 ,795.756 ,795.756 ,0 ,0 ,3.772 ,0 ,79.407 ,684.598 ,0 ,0 ,27.979 ,45.931 ,45.931 ,6.147 ,0 ,38.533 ,0 ,0 ,0 ,1.252 ,0 ,0 ,6.063 
117.,POLZELA,1.789.847 ,446.048 ,94.696 ,13.867 ,327.921 ,37.364 ,7.106 ,37.598 ,2.817 ,4.014 ,157.912 ,0 ,0 ,81.109 ,0 ,0 ,0 ,0 ,0 ,9.564 ,829.665 ,17.297 ,0 ,17.297 ,173.101 ,0 ,0 ,0 ,0 ,0 ,173.101 ,117.309 ,117.309 ,521.958 ,87.727 ,23.489 ,6.318 ,404.423 ,360.032 ,360.032 ,0 ,9.735 ,42.935 ,0 ,141.049 ,151.577 ,0 ,0 ,14.735 ,154.102 ,154.102 ,9.043 ,0 ,61.367 ,0 ,0 ,0 ,0 ,83.692 ,0 ,-38.366 
118.,POSTOJNA,4.885.094 ,1.474.716 ,292.914 ,40.127 ,1.037.448 ,83.033 ,76.394 ,154.807 ,5.738 ,705 ,505.867 ,1.949 ,13.170 ,195.785 ,45.631 ,0 ,0 ,45.631 ,0 ,58.596 ,2.628.230 ,44.266 ,0 ,44.266 ,1.077.095 ,0 ,121 ,19.458 ,0 ,9.898 ,1.047.617 ,375.889 ,375.889 ,1.130.980 ,218.728 ,73.560 ,303.781 ,534.911 ,591.608 ,591.608 ,6.493 ,505 ,14.893 ,0 ,385.449 ,23.961 ,111.922 ,0 ,48.385 ,190.540 ,190.540 ,32.920 ,53.872 ,31.806 ,15.331 ,0 ,0 ,0 ,56.610 ,0 ,891.320 
119.,PREBOLD,1.441.988 ,379.261 ,87.348 ,9.080 ,277.804 ,34.677 ,7.152 ,57.941 ,2.883 ,2.733 ,133.187 ,0 ,709 ,38.520 ,0 ,0 ,0 ,0 ,0 ,5.028 ,571.557 ,32.883 ,0 ,32.883 ,77.625 ,0 ,0 ,317 ,0 ,0 ,77.308 ,134.635 ,134.635 ,326.415 ,0 ,21.282 ,1.698 ,303.434 ,475.568 ,475.568 ,0 ,0 ,21.307 ,2.383 ,29.206 ,372.083 ,28.330 ,0 ,22.258 ,15.603 ,15.603 ,0 ,0 ,6.259 ,9.343 ,0 ,0 ,0 ,0 ,0 ,230.362 
120.,PREDDVOR,1.229.707 ,273.990 ,59.397 ,12.369 ,189.538 ,34.982 ,739 ,13.458 ,1.335 ,2.954 ,79.861 ,0 ,0 ,56.209 ,0 ,0 ,0 ,0 ,0 ,12.686 ,453.142 ,21.662 ,0 ,21.662 ,293.056 ,0 ,0 ,7.716 ,0 ,0 ,285.341 ,71.482 ,71.482 ,66.942 ,0 ,0 ,0 ,66.942 ,466.128 ,466.128 ,0 ,0 ,8.079 ,0 ,381.597 ,47.121 ,11.638 ,0 ,17.693 ,36.446 ,36.446 ,0 ,0 ,11.684 ,0 ,0 ,0 ,0 ,24.762 ,0 ,-18.899 
121.,PREVALJE,3.925.563 ,851.515 ,196.975 ,25.605 ,598.327 ,50.004 ,54.611 ,45.339 ,2.854 ,4.715 ,281.706 ,10.315 ,22.763 ,126.018 ,14.885 ,14.885 ,0 ,0 ,0 ,15.724 ,889.918 ,54.123 ,1.427 ,52.696 ,485.591 ,0 ,0 ,0 ,0 ,0 ,485.591 ,106.430 ,106.430 ,243.774 ,11.267 ,0 ,3.585 ,228.923 ,2.139.175 ,2.139.175 ,15.736 ,0 ,82.378 ,1.803 ,1.907.474 ,0 ,25.868 ,0 ,105.917 ,44.955 ,44.955 ,0 ,0 ,0 ,3.614 ,0 ,0 ,0 ,41.341 ,0 ,57.261 
122.,PTUJ (M),10.812.924 ,3.182.540 ,835.053 ,117.201 ,2.212.298 ,170.013 ,134 ,189.000 ,18.499 ,16.032 ,1.024.754 ,13.504 ,215.970 ,564.392 ,8.242 ,8.242 ,0 ,0 ,0 ,9.748 ,4.193.941 ,16.550 ,0 ,16.550 ,1.885.094 ,8.713 ,0 ,0 ,0 ,705 ,1.875.676 ,380.537 ,380.537 ,1.911.759 ,84.385 ,169.884 ,87.318 ,1.570.172 ,2.296.073 ,2.296.073 ,155.283 ,3.005 ,50.697 ,0 ,1.583.308 ,360.975 ,42.021 ,0 ,100.785 ,1.140.369 ,1.140.369 ,0 ,0 ,74.950 ,224.929 ,0 ,666.128 ,0 ,174.362 ,0 ,-174.437 
123.,PUCONCI,3.823.448 ,518.949 ,167.818 ,22.930 ,312.118 ,40.920 ,9.427 ,45.902 ,5.988 ,5.479 ,162.485 ,0 ,0 ,41.917 ,0 ,0 ,0 ,0 ,0 ,16.082 ,1.614.038 ,325.013 ,0 ,325.013 ,206.714 ,0 ,0 ,0 ,0 ,759 ,205.955 ,108.701 ,108.701 ,973.610 ,477.120 ,47.576 ,0 ,448.915 ,1.373.068 ,1.373.068 ,28.376 ,22.972 ,6.330 ,16.316 ,463.449 ,688.416 ,47.392 ,0 ,99.816 ,317.393 ,317.393 ,31.902 ,0 ,24.061 ,0 ,0 ,131.706 ,7.077 ,122.646 ,0 ,-186.204 
124.,RAČE - FRAM,2.539.797 ,477.779 ,128.292 ,17.793 ,331.539 ,47.759 ,0 ,76.536 ,5.066 ,1.444 ,149.808 ,0 ,0 ,50.926 ,154 ,154 ,0 ,0 ,0 ,0 ,835.670 ,216.796 ,0 ,216.796 ,107.465 ,0 ,0 ,0 ,0 ,0 ,107.465 ,82.566 ,82.566 ,428.843 ,2.086 ,33.175 ,0 ,393.582 ,1.120.331 ,1.120.331 ,0 ,0 ,5.358 ,0 ,813.566 ,230.955 ,48.727 ,0 ,21.724 ,106.017 ,106.017 ,0 ,0 ,0 ,0 ,0 ,0 ,0 ,106.017 ,0 ,-31.652 
125.,RADEČE,1.817.163 ,335.019 ,127.116 ,19.988 ,121.574 ,26.331 ,17 ,15.223 ,1.790 ,409 ,18.077 ,15.999 ,0 ,43.728 ,10.015 ,0 ,0 ,0 ,10.015 ,56.326 ,830.650 ,0 ,0 ,0 ,141.003 ,0 ,0 ,1.627 ,0 ,0 ,139.376 ,57.065 ,57.065 ,632.582 ,12.519 ,21.991 ,0 ,598.072 ,177.182 ,177.182 ,0 ,0 ,29.398 ,0 ,0 ,48.135 ,71.570 ,0 ,28.080 ,474.311 ,474.311 ,0 ,0 ,0 ,405.984 ,0 ,0 ,0 ,68.327 ,0 ,3.998 
126.,RADENCI,2.386.580 ,544.483 ,103.923 ,14.509 ,408.813 ,75.067 ,0 ,99.065 ,1.536 ,1.990 ,94.901 ,0 ,0 ,136.254 ,17.238 ,17.238 ,0 ,0 ,0 ,0 ,852.829 ,124.896 ,0 ,124.896 ,83.805 ,0 ,0 ,0 ,0 ,2.975 ,80.830 ,134.802 ,134.802 ,509.326 ,52.162 ,29.811 ,4.135 ,423.218 ,883.392 ,883.392 ,0 ,0 ,3.777 ,384 ,823.681 ,25.250 ,2.391 ,0 ,27.909 ,105.875 ,105.875 ,0 ,0 ,0 ,0 ,0 ,0 ,0 ,105.875 ,0 ,-78.977 
127.,RADLJE OB DRAVI,2.405.754 ,736.659 ,113.399 ,14.960 ,574.282 ,56.213 ,48.302 ,61.830 ,2.637 ,2.145 ,305.525 ,8.379 ,0 ,89.251 ,11.413 ,8.229 ,2.504 ,0 ,680 ,22.605 ,1.014.927 ,26.911 ,0 ,26.911 ,273.873 ,6.935 ,0 ,1.323 ,0 ,11.814 ,253.802 ,139.155 ,139.155 ,574.987 ,35.336 ,28.643 ,0 ,511.008 ,402.959 ,402.959 ,0 ,0 ,2.888 ,4.402 ,151.419 ,171.132 ,17.026 ,0 ,56.092 ,251.210 ,251.210 ,0 ,146.052 ,45.088 ,0 ,0 ,0 ,1.669 ,58.400 ,0 ,-108.538 
128.,RADOVLJICA,7.072.655 ,974.353 ,330.487 ,46.712 ,565.144 ,156.130 ,3.985 ,144.241 ,8.070 ,601 ,28.347 ,918 ,0 ,222.851 ,0 ,0 ,0 ,0 ,0 ,32.011 ,3.106.038 ,162.339 ,30.571 ,131.768 ,266.934 ,0 ,0 ,37.957 ,0 ,10.850 ,218.127 ,469.909 ,469.909 ,2.206.856 ,206.610 ,0 ,0 ,2.000.246 ,1.945.084 ,1.945.084 ,157.453 ,0 ,17.309 ,0 ,940.156 ,200.797 ,424.094 ,0 ,205.275 ,1.047.179 ,1.047.179 ,344.458 ,0 ,190.941 ,292.568 ,0 ,89.059 ,117 ,130.037 ,0 ,100.914 
129.,RAVNE NA KOROŠKEM,4.438.045 ,1.191.871 ,341.738 ,44.091 ,703.217 ,57.403 ,27.157 ,71.290 ,3.948 ,6.042 ,425.939 ,5.688 ,0 ,105.750 ,81.001 ,7.695 ,0 ,73.306 ,0 ,21.824 ,1.867.084 ,48.894 ,15.331 ,33.563 ,393.478 ,0 ,0 ,16.149 ,0 ,9.301 ,368.027 ,194.379 ,194.379 ,1.230.333 ,75.004 ,0 ,9.097 ,1.146.232 ,1.154.073 ,1.154.073 ,150.447 ,0 ,33.625 ,0 ,774.019 ,27.754 ,89.797 ,0 ,78.430 ,225.017 ,225.017 ,2.262 ,0 ,37.556 ,39.513 ,0 ,0 ,0 ,145.685 ,0 ,92.914 
130.,RAZKRIŽJE,437.594 ,93.603 ,31.405 ,4.478 ,52.295 ,5.588 ,0 ,13.867 ,1.452 ,2.575 ,12.490 ,0 ,0 ,16.324 ,29 ,29 ,0 ,0 ,0 ,5.396 ,217.998 ,25.726 ,3.067 ,22.659 ,40.594 ,0 ,0 ,0 ,0 ,0 ,40.594 ,7.628 ,7.628 ,144.049 ,0 ,7.762 ,1.627 ,134.660 ,102.391 ,102.391 ,12.936 ,0 ,5.291 ,5.053 ,67.297 ,0 ,0 ,0 ,11.814 ,23.602 ,23.602 ,0 ,0 ,0 ,0 ,0 ,0 ,0 ,23.602 ,0 ,8.062 
131.,RIBNICA,3.602.575 ,709.005 ,245.372 ,26.327 ,385.541 ,86.534 ,14.184 ,29.953 ,134.635 ,5.496 ,34.881 ,8.433 ,0 ,71.424 ,15.411 ,15.411 ,0 ,0 ,0 ,36.355 ,1.323.865 ,76.256 ,0 ,76.256 ,92.739 ,0 ,0 ,0 ,0 ,1.314 ,91.425 ,0 ,0 ,1.154.870 ,42.664 ,17.810 ,8.888 ,1.085.507 ,1.436.029 ,1.436.029 ,21.507 ,0 ,23.606 ,11.584 ,816.007 ,417.885 ,61.288 ,0 ,84.151 ,133.676 ,133.676 ,0 ,0 ,0 ,0 ,0 ,0 ,0 ,133.676 ,0 ,-74.107 
132.,RIBNICA NA POHORJU,601.377 ,74.078 ,14.914 ,2.020 ,53.714 ,13.454 ,2.016 ,8.659 ,129 ,2.103 ,860 ,0 ,0 ,26.494 ,0 ,0 ,0 ,0 ,0 ,3.430 ,317.547 ,7.236 ,5.012 ,2.224 ,66.304 ,0 ,0 ,7.515 ,0 ,0 ,58.788 ,53.267 ,53.267 ,190.740 ,409 ,1.252 ,92.184 ,96.895 ,190.244 ,190.244 ,0 ,0 ,7.849 ,246 ,1.027 ,175.864 ,0 ,0 ,5.258 ,19.508 ,19.508 ,0 ,0 ,0 ,0 ,0 ,0 ,0 ,19.508 ,0 ,6.535 
133.,ROGAŠKA SLATINA,3.405.959 ,525.993 ,235.870 ,30.713 ,171.908 ,44.513 ,17.251 ,15.765 ,5.325 ,7.044 ,29.102 ,12.744 ,0 ,40.164 ,8.617 ,0 ,8.617 ,0 ,0 ,78.885 ,2.132.995 ,43.035 ,0 ,43.035 ,234.769 ,13.324 ,0 ,20.510 ,0 ,0 ,200.935 ,149.282 ,149.282 ,1.705.909 ,230.195 ,64.017 ,0 ,1.411.697 ,721.395 ,721.395 ,0 ,0 ,8.671 ,0 ,634.122 ,57.737 ,20.865 ,0 ,0 ,25.576 ,25.576 ,0 ,0 ,25.576 ,0 ,0 ,0 ,0 ,0 ,0 ,237.181 
134.,ROGAŠOVCI,1.431.276 ,221.027 ,55.062 ,8.029 ,151.344 ,12.982 ,0 ,32.365 ,517 ,7.641 ,53.968 ,2.479 ,0 ,41.391 ,2.420 ,2.420 ,0 ,0 ,0 ,4.173 ,562.197 ,134.448 ,0 ,134.448 ,130.475 ,6.259 ,0 ,0 ,0 ,0 ,124.215 ,53.338 ,53.338 ,243.937 ,84.352 ,45.981 ,0 ,113.604 ,619.087 ,619.087 ,0 ,0 ,16.963 ,4.607 ,563.136 ,24.520 ,2.637 ,0 ,7.223 ,28.964 ,28.964 ,0 ,0 ,14.363 ,0 ,0 ,0 ,0 ,14.601 ,0 ,4.407 
135.,ROGATEC,1.840.327 ,367.359 ,108.191 ,12.911 ,212.026 ,75.413 ,15.978 ,40.081 ,4.152 ,4.745 ,31.894 ,10.933 ,0 ,28.831 ,13 ,13 ,0 ,0 ,0 ,34.218 ,435.495 ,5.312 ,0 ,5.312 ,80.471 ,0 ,0 ,0 ,0 ,0 ,80.471 ,46.829 ,46.829 ,302.883 ,0 ,19.846 ,11.684 ,271.353 ,985.065 ,985.065 ,34.268 ,0 ,11.250 ,1.874 ,660.708 ,182.102 ,49.211 ,0 ,45.652 ,52.408 ,52.408 ,0 ,0 ,27.124 ,0 ,0 ,0 ,0 ,25.284 ,0 ,90.916 
136.,RUŠE,3.179.169 ,1.046.945 ,417.051 ,56.430 ,559.072 ,117.184 ,0 ,115.886 ,12.318 ,4.344 ,207.390 ,9.786 ,0 ,92.163 ,0 ,0 ,0 ,0 ,0 ,14.392 ,1.349.387 ,14.042 ,0 ,14.042 ,202.416 ,0 ,0 ,0 ,0 ,0 ,202.416 ,122.621 ,122.621 ,1.010.307 ,154.665 ,41.713 ,292.597 ,521.332 ,573.911 ,573.911 ,0 ,0 ,29.469 ,0 ,256.501 ,117.288 ,125.701 ,0 ,44.951 ,208.926 ,208.926 ,0 ,0 ,35.111 ,0 ,0 ,0 ,0 ,173.815 ,0 ,-205.504 
137.,SELNICA OB DRAVI,1.971.287 ,685.229 ,202.245 ,28.603 ,444.218 ,54.586 ,0 ,63.943 ,4.222 ,1.958 ,252.902 ,4.979 ,0 ,61.628 ,0 ,0 ,0 ,0 ,0 ,10.162 ,779.066 ,32.301 ,0 ,32.301 ,222.524 ,0 ,0 ,0 ,0 ,0 ,222.524 ,110.242 ,110.242 ,413.999 ,0 ,39.473 ,2.193 ,372.333 ,257.573 ,257.573 ,0 ,0 ,30.477 ,0 ,115.231 ,102.436 ,0 ,0 ,9.429 ,249.419 ,249.419 ,0 ,0 ,20.865 ,1.050 ,0 ,0 ,0 ,227.504 ,0 ,-19.800 
138.,SEMIČ,1.726.189 ,352.767 ,92.689 ,12.381 ,237.986 ,29.019 ,0 ,23.915 ,3.618 ,2.879 ,134.735 ,4.089 ,0 ,39.730 ,113 ,0 ,0 ,113 ,0 ,9.598 ,510.950 ,85.996 ,739 ,85.257 ,271.424 ,0 ,0 ,659 ,0 ,6.326 ,264.438 ,70.093 ,70.093 ,83.438 ,3.601 ,14.543 ,0 ,65.294 ,543.549 ,543.549 ,730 ,6.163 ,8.826 ,0 ,372.183 ,42.810 ,34.468 ,0 ,78.368 ,318.924 ,318.924 ,5.842 ,0 ,19.901 ,170.143 ,0 ,0 ,0 ,123.039 ,0 ,37.594 
139.,SEVNICA,7.292.601 ,1.473.514 ,306.718 ,41.733 ,1.053.080 ,98.756 ,14.155 ,125.668 ,326.982 ,6.589 ,370.760 ,501 ,1.264 ,108.404 ,32.924 ,26.531 ,6.393 ,0 ,0 ,39.059 ,2.324.599 ,118.273 ,0 ,118.273 ,413.182 ,0 ,0 ,0 ,0 ,5.976 ,407.207 ,128.973 ,128.973 ,1.664.171 ,61.342 ,76.177 ,0 ,1.526.652 ,2.562.193 ,2.562.193 ,251.252 ,0 ,43.820 ,0 ,1.374.195 ,727.253 ,36.288 ,0 ,129.386 ,932.294 ,932.294 ,620.285 ,0 ,26.331 ,0 ,0 ,0 ,0 ,285.679 ,0 ,-99.929 
140.,SEŽANA,5.410.595 ,1.253.196 ,387.389 ,53.689 ,807.945 ,57.611 ,20.885 ,158.625 ,3.706 ,3.872 ,173.143 ,9.523 ,59.080 ,321.499 ,0 ,0 ,0 ,0 ,0 ,4.173 ,2.200.213 ,68.757 ,26.281 ,42.476 ,875.922 ,0 ,0 ,40.945 ,296 ,2.178 ,832.503 ,265.674 ,265.674 ,989.860 ,94.116 ,0 ,20.865 ,874.879 ,1.136.859 ,1.136.859 ,0 ,0 ,55.058 ,0 ,966.525 ,0 ,45.714 ,0 ,69.563 ,820.326 ,820.326 ,13.641 ,0 ,17.885 ,395.835 ,0 ,0 ,0 ,392.964 ,0 ,137.665 
141.,SLOVENJ GRADEC (M),8.151.694 ,2.294.371 ,446.224 ,63.199 ,1.682.891 ,132.453 ,81.931 ,145.764 ,13.633 ,21.858 ,917.343 ,126.686 ,18.586 ,224.637 ,42.960 ,1.227 ,0 ,41.733 ,0 ,59.097 ,2.355.225 ,723.160 ,719.976 ,3.184 ,504.177 ,0 ,0 ,1.135 ,0 ,0 ,503.042 ,239.021 ,239.021 ,888.867 ,22.747 ,51.965 ,86.421 ,727.733 ,2.691.738 ,2.691.738 ,29.720 ,0 ,178.806 ,0 ,1.958.667 ,41.471 ,206.864 ,0 ,276.210 ,810.361 ,810.361 ,0 ,0 ,19.521 ,790.840 ,0 ,0 ,0 ,0 ,0 ,810.996 
142.,SLOVENSKA BISTRICA,11.219.508 ,2.244.842 ,489.755 ,64.914 ,1.553.184 ,166.450 ,67.159 ,412.794 ,17.293 ,4.548 ,714.188 ,30.400 ,0 ,140.352 ,83.204 ,83.204 ,0 ,0 ,0 ,53.785 ,5.347.108 ,166.975 ,0 ,166.975 ,2.644.784 ,0 ,0 ,8.421 ,0 ,58.116 ,2.578.247 ,538.362 ,538.362 ,1.996.987 ,447.296 ,139.059 ,287.982 ,1.122.651 ,2.796.319 ,2.796.319 ,358.872 ,0 ,31.347 ,0 ,1.720.819 ,295.710 ,48.473 ,5.295 ,335.804 ,831.239 ,831.239 ,322.684 ,110.787 ,78.989 ,0 ,0 ,0 ,0 ,318.778 ,0 ,626.799 
143.,SLOVENSKE KONJICE,4.630.771 ,1.069.784 ,229.857 ,32.949 ,774.149 ,279.674 ,1.335 ,92.318 ,11.100 ,634 ,278.343 ,609 ,263 ,109.873 ,8.417 ,8.075 ,0 ,342 ,0 ,24.412 ,2.096.620 ,173.602 ,0 ,173.602 ,948.322 ,0 ,0 ,0 ,0 ,8.317 ,940.006 ,207.945 ,207.945 ,766.750 ,179.924 ,50.405 ,72.096 ,464.326 ,920.748 ,920.748 ,4.540 ,0 ,16.370 ,0 ,534.702 ,226.849 ,67.547 ,0 ,70.739 ,543.620 ,543.620 ,161.759 ,131.017 ,25.872 ,30.671 ,0 ,12.519 ,15.440 ,166.341 ,0 ,51.732 
144.,SODRAŽICA,670.009 ,178.438 ,54.974 ,6.764 ,108.646 ,24.107 ,488 ,6.627 ,0 ,2.162 ,69.354 ,0 ,0 ,5.909 ,0 ,0 ,0 ,0 ,0 ,8.054 ,257.787 ,4.765 ,0 ,4.765 ,40.373 ,0 ,0 ,3.639 ,0 ,0 ,36.734 ,17.735 ,17.735 ,194.913 ,0 ,0 ,0 ,194.913 ,223.005 ,223.005 ,0 ,0 ,2.654 ,4.311 ,176.052 ,9.097 ,25.038 ,0 ,5.855 ,10.779 ,10.779 ,0 ,0 ,0 ,0 ,0 ,0 ,0 ,10.779 ,0 ,31.781 
145.,SOLČAVA,399.971 ,104.148 ,34.372 ,3.188 ,66.007 ,19.120 ,1.465 ,10.144 ,296 ,1.536 ,28.726 ,250 ,0 ,4.469 ,580 ,54 ,0 ,526 ,0 ,0 ,129.828 ,17.159 ,0 ,17.159 ,69.696 ,818 ,668 ,588 ,0 ,0 ,67.622 ,22.905 ,22.905 ,20.068 ,0 ,1.753 ,96 ,18.219 ,142.088 ,142.088 ,0 ,0 ,2.575 ,0 ,110.633 ,20.468 ,1.314 ,138 ,6.960 ,23.907 ,23.907 ,0 ,0 ,0 ,0 ,0 ,23.907 ,0 ,0 ,0 ,5.704 
146.,STARŠE,1.414.342 ,285.124 ,109.506 ,15.223 ,159.577 ,38.575 ,2.099 ,48.368 ,1.673 ,6.360 ,4.603 ,576 ,0 ,57.323 ,818 ,818 ,0 ,0 ,0 ,0 ,906.948 ,193.261 ,0 ,193.261 ,93.031 ,0 ,0 ,0 ,0 ,0 ,93.031 ,125.643 ,125.643 ,495.013 ,12.727 ,20.431 ,0 ,461.855 ,193.595 ,193.595 ,0 ,11.163 ,4.215 ,1.319 ,87.494 ,10.812 ,25.789 ,0 ,52.804 ,28.676 ,28.676 ,0 ,0 ,0 ,0 ,0 ,0 ,0 ,28.676 ,0 ,341.491 
147.,SVETA ANA,985.115 ,102.212 ,47.972 ,5.074 ,36.601 ,12.364 ,0 ,5.771 ,1.903 ,1.093 ,3.960 ,0 ,0 ,11.509 ,242 ,0 ,0 ,242 ,0 ,12.323 ,375.217 ,19.421 ,0 ,19.421 ,49.833 ,0 ,0 ,0 ,0 ,0 ,49.833 ,22.121 ,22.121 ,283.842 ,0 ,11.701 ,0 ,272.142 ,431.731 ,431.731 ,0 ,12.669 ,3.889 ,0 ,388.520 ,313 ,0 ,0 ,26.340 ,75.956 ,75.956 ,0 ,0 ,0 ,0 ,0 ,0 ,56.585 ,19.371 ,0 ,-9.155 
148.,SVETI ANDRAŽ V SLOV. GORICAH,551.761 ,132.828 ,51.598 ,7.369 ,71.345 ,14.977 ,334 ,9.009 ,0 ,8.246 ,29.352 ,0 ,0 ,9.427 ,0 ,0 ,0 ,0 ,0 ,2.516 ,225.793 ,103.835 ,0 ,103.835 ,29.866 ,0 ,0 ,0 ,0 ,0 ,29.866 ,26.344 ,26.344 ,65.749 ,0 ,9.201 ,0 ,56.547 ,178.196 ,178.196 ,0 ,0 ,12.210 ,0 ,117.230 ,19.901 ,7.511 ,0 ,21.345 ,14.943 ,14.943 ,0 ,0 ,0 ,14.943 ,0 ,0 ,0 ,0 ,0 ,38.929 
149.,SVETI JURIJ,1.144.417 ,241.955 ,57.428 ,8.287 ,170.815 ,6.710 ,4.223 ,25.755 ,0 ,2.107 ,80.358 ,0 ,0 ,51.661 ,0 ,0 ,0 ,0 ,0 ,5.425 ,507.920 ,124.942 ,0 ,124.942 ,91.733 ,0 ,0 ,0 ,0 ,0 ,91.733 ,57.620 ,57.620 ,233.625 ,0 ,20.189 ,547 ,212.890 ,321.507 ,321.507 ,0 ,0 ,2.654 ,2.996 ,259.059 ,44.592 ,459 ,0 ,11.747 ,73.035 ,73.035 ,0 ,0 ,43.691 ,0 ,0 ,0 ,0 ,29.344 ,0 ,94.496 
150.,ŠALOVCI,1.427.162 ,148.164 ,35.812 ,5.037 ,85.745 ,34.669 ,0 ,9.940 ,0 ,2.483 ,29.715 ,0 ,0 ,8.938 ,5.646 ,5.646 ,0 ,0 ,0 ,15.924 ,421.249 ,51.694 ,0 ,51.694 ,119.266 ,16.370 ,0 ,13.967 ,0 ,0 ,88.929 ,39.505 ,39.505 ,210.783 ,191.913 ,0 ,1.911 ,16.959 ,450.810 ,450.810 ,0 ,0 ,15.415 ,0 ,298.131 ,137.264 ,0 ,0 ,0 ,406.940 ,406.940 ,0 ,0 ,13.353 ,0 ,0 ,0 ,19.279 ,374.307 ,0 ,-79.765 
151.,ŠEMPETER - VRTOJBA,4.194.836 ,1.413.276 ,114.389 ,18.579 ,1.280.309 ,743.722 ,27.357 ,223.087 ,3.798 ,883 ,72.080 ,37.240 ,0 ,172.142 ,0 ,0 ,0 ,0 ,0 ,0 ,1.104.929 ,55.505 ,35.146 ,20.359 ,101.178 ,0 ,0 ,0 ,0 ,0 ,101.178 ,253.697 ,253.697 ,694.549 ,80.508 ,15.645 ,0 ,598.395 ,360.345 ,360.345 ,0 ,7.511 ,40.767 ,0 ,148.306 ,36.102 ,43.907 ,0 ,83.752 ,1.316.285 ,1.316.285 ,0 ,34.427 ,23.151 ,0 ,0 ,2.641 ,0 ,1.256.067 ,0 ,556.732 
152.,ŠENČUR,2.160.462 ,484.139 ,93.857 ,12.519 ,359.610 ,49.925 ,9.560 ,59.719 ,1.223 ,1.360 ,162.924 ,814 ,1.703 ,72.384 ,0 ,0 ,0 ,0 ,0 ,18.152 ,944.379 ,58.091 ,3.393 ,54.699 ,224.086 ,0 ,11.142 ,2.692 ,0 ,0 ,210.253 ,132.403 ,132.403 ,529.799 ,0 ,20.698 ,0 ,509.101 ,717.109 ,717.109 ,11.592 ,0 ,17.117 ,21.282 ,488.929 ,113.241 ,39.534 ,0 ,25.413 ,14.835 ,14.835 ,0 ,0 ,4.185 ,0 ,0 ,0 ,0 ,10.649 ,0 ,500.284 
153.,ŠENTILJ,3.963.729 ,627.717 ,364.739 ,30.016 ,201.761 ,42.493 ,9.723 ,27.078 ,8.479 ,5.358 ,17.635 ,0 ,0 ,90.995 ,10.482 ,10.482 ,0 ,0 ,0 ,20.719 ,1.988.875 ,81.981 ,0 ,81.981 ,306.706 ,0 ,0 ,0 ,0 ,0 ,306.706 ,171.119 ,171.119 ,1.429.069 ,64.004 ,95.969 ,0 ,1.269.095 ,1.092.088 ,1.092.088 ,0 ,17.585 ,19.767 ,0 ,851.703 ,171.303 ,0 ,0 ,31.731 ,255.049 ,255.049 ,0 ,0 ,0 ,0 ,0 ,0 ,145.927 ,109.122 ,0 ,259.740 
154.,ŠENTJERNEJ,2.803.372 ,626.582 ,92.935 ,14.121 ,509.301 ,107.520 ,9.869 ,265.757 ,5.170 ,7.624 ,46.211 ,12.206 ,634 ,54.311 ,0 ,0 ,0 ,0 ,0 ,10.224 ,991.550 ,87.656 ,0 ,87.656 ,368.161 ,104 ,0 ,19.984 ,0 ,3.242 ,344.830 ,74.599 ,74.599 ,461.133 ,0 ,0 ,0 ,461.133 ,1.185.240 ,1.185.240 ,0 ,0 ,37.694 ,0 ,878.852 ,99.220 ,6.952 ,0 ,162.523 ,0 ,0 ,0 ,0 ,0 ,0 ,0 ,0 ,0 ,0 ,0 ,31.915 
155.,ŠENTJUR,5.911.000 ,798.139 ,293.920 ,44.496 ,448.936 ,154.465 ,21.770 ,51.398 ,0 ,0 ,102.525 ,5.709 ,993 ,112.076 ,10.787 ,0 ,0 ,10.787 ,0 ,0 ,2.725.292 ,219.375 ,0 ,219.375 ,450.868 ,0 ,0 ,0 ,0 ,0 ,450.868 ,170.965 ,170.965 ,1.884.084 ,56.335 ,123.260 ,308.671 ,1.395.819 ,2.387.569 ,2.387.569 ,14.443 ,8.346 ,47.334 ,1.252 ,1.125.238 ,1.062.715 ,0 ,0 ,128.242 ,0 ,0 ,0 ,0 ,0 ,0 ,0 ,0 ,0 ,0 ,0 ,177.938 
156.,ŠKOCJAN,1.160.370 ,132.073 ,52.612 ,7.720 ,71.741 ,12.439 ,2.979 ,15.569 ,2.182 ,2.804 ,3.701 ,0 ,0 ,32.065 ,0 ,0 ,0 ,0 ,0 ,0 ,554.319 ,118.974 ,0 ,118.974 ,146.570 ,0 ,0 ,0 ,0 ,1.794 ,144.776 ,51.586 ,51.586 ,237.189 ,0 ,17.685 ,0 ,219.504 ,330.412 ,330.412 ,0 ,0 ,2.166 ,0 ,279.081 ,0 ,6.422 ,0 ,42.743 ,143.565 ,143.565 ,0 ,0 ,22.951 ,65.924 ,0 ,0 ,0 ,54.690 ,0 ,51.803 
157.,ŠKOFJA LOKA,8.073.168 ,1.940.144 ,485.641 ,66.925 ,1.278.213 ,207.695 ,81.405 ,324.420 ,9.660 ,1.010 ,65.356 ,46.061 ,168.757 ,373.848 ,20.531 ,0 ,54 ,20.477 ,0 ,88.833 ,3.603.956 ,325.768 ,0 ,325.768 ,1.510.278 ,38.266 ,5.300 ,6.105 ,0 ,1.506 ,1.459.101 ,355.867 ,355.867 ,1.412.043 ,597.313 ,68.115 ,50.346 ,696.269 ,1.528.580 ,1.528.580 ,41.875 ,0 ,38.645 ,0 ,1.252.066 ,168.557 ,0 ,0 ,27.437 ,1.000.488 ,1.000.488 ,706.673 ,0 ,28.614 ,0 ,0 ,13.262 ,0 ,251.940 ,0 ,225.346 
158.,ŠKOFLJICA,2.190.252 ,614.180 ,141.283 ,13.174 ,430.512 ,157.707 ,1.352 ,80.567 ,6.405 ,1.139 ,118.991 ,11.551 ,0 ,52.800 ,0 ,0 ,0 ,0 ,0 ,29.210 ,804.582 ,26.832 ,0 ,26.832 ,623.619 ,18.136 ,0 ,0 ,0 ,0 ,605.483 ,68.277 ,68.277 ,85.854 ,0 ,0 ,0 ,85.854 ,634.439 ,634.439 ,0 ,0 ,12.047 ,0 ,500.709 ,60.399 ,1.990 ,0 ,59.293 ,137.051 ,137.051 ,0 ,0 ,50.058 ,142 ,0 ,0 ,15.444 ,71.407 ,0 ,80.062 
159.,ŠMARJE PRI JELŠAH,3.888.783 ,755.809 ,235.386 ,25.576 ,468.999 ,61.922 ,2.925 ,123.327 ,94.755 ,4.127 ,120.493 ,351 ,1.552 ,59.548 ,5.742 ,5.742 ,0 ,0 ,0 ,20.105 ,1.671.307 ,42.151 ,0 ,42.151 ,293.928 ,0 ,0 ,0 ,0 ,764 ,293.165 ,143.966 ,143.966 ,1.191.262 ,177.270 ,68.895 ,29.210 ,915.886 ,1.201.623 ,1.201.623 ,459 ,0 ,30.971 ,0 ,919.763 ,137.523 ,5.158 ,0 ,107.749 ,260.044 ,260.044 ,0 ,0 ,110.320 ,20.994 ,0 ,41.099 ,0 ,87.631 ,0 ,127.541 
160.,ŠMARTNO OB PAKI,1.005.262 ,309.781 ,51.657 ,7.540 ,250.584 ,33.851 ,5.191 ,27.596 ,63 ,1.365 ,143.211 ,154 ,0 ,39.155 ,0 ,0 ,0 ,0 ,0 ,0 ,407.570 ,28.096 ,0 ,28.096 ,62.026 ,880 ,1.627 ,0 ,0 ,0 ,59.518 ,99.737 ,99.737 ,217.710 ,9.352 ,7.582 ,1.102 ,199.675 ,250.772 ,250.772 ,0 ,0 ,7.157 ,0 ,180.946 ,417 ,38.449 ,0 ,23.802 ,37.139 ,37.139 ,0 ,0 ,18.778 ,0 ,0 ,0 ,0 ,18.361 ,0 ,26.323 
161.,ŠOŠTANJ,3.748.105 ,1.058.108 ,162.748 ,22.271 ,780.333 ,95.547 ,22.546 ,66.654 ,20.401 ,4.244 ,365.740 ,751 ,14.067 ,190.381 ,42.530 ,1.757 ,0 ,40.774 ,0 ,50.225 ,1.427.016 ,39.088 ,6.042 ,33.045 ,185.449 ,0 ,0 ,0 ,0 ,192 ,185.257 ,156.977 ,156.977 ,1.045.502 ,462.085 ,21.975 ,2.817 ,558.625 ,1.184.756 ,1.184.756 ,27.124 ,0 ,34.180 ,29.448 ,975.814 ,32.549 ,8.154 ,0 ,77.487 ,78.226 ,78.226 ,0 ,0 ,0 ,78.226 ,0 ,0 ,0 ,0 ,0 ,-87.256 
162.,ŠTORE,2.379.135 ,519.437 ,80.613 ,10.257 ,371.824 ,48.176 ,4.215 ,60.119 ,10.144 ,280 ,176.857 ,29.135 ,271 ,42.626 ,56.743 ,52.245 ,4.498 ,0 ,0 ,0 ,420.502 ,19.241 ,0 ,19.241 ,309.723 ,2.404 ,0 ,359 ,0 ,9.335 ,297.626 ,39.564 ,39.564 ,51.974 ,3.338 ,0 ,0 ,48.635 ,1.411.067 ,1.411.067 ,142.777 ,0 ,6.347 ,0 ,864.493 ,253.605 ,28.359 ,0 ,115.486 ,28.130 ,28.130 ,0 ,0 ,27.045 ,0 ,0 ,0 ,0 ,1.085 ,0 ,34.326 
163.,TABOR,789.760 ,123.907 ,45.051 ,6.994 ,71.862 ,7.503 ,3.380 ,11.117 ,0 ,1.632 ,33.325 ,0 ,534 ,14.372 ,0 ,0 ,0 ,0 ,0 ,0 ,247.542 ,37.135 ,0 ,37.135 ,49.307 ,0 ,0 ,3.272 ,0 ,0 ,46.036 ,50.113 ,50.113 ,110.987 ,1.865 ,4.427 ,0 ,104.695 ,417.772 ,417.772 ,672 ,0 ,16.642 ,0 ,236.672 ,114.826 ,24.203 ,0 ,24.758 ,538 ,538 ,0 ,0 ,0 ,538 ,0 ,0 ,0 ,0 ,0 ,1.561 
164.,TIŠINA,2.189.680 ,386.668 ,131.343 ,13.445 ,177.137 ,18.190 ,584 ,18.148 ,1.903 ,1.294 ,102.704 ,0 ,0 ,34.314 ,64.743 ,0 ,0 ,64.743 ,0 ,0 ,785.061 ,178.797 ,0 ,178.797 ,145.806 ,2.412 ,1.035 ,2.007 ,0 ,0 ,140.352 ,76.473 ,76.473 ,383.984 ,174.011 ,30.091 ,18.294 ,161.588 ,689.217 ,689.217 ,1.181 ,0 ,30.179 ,492 ,653.351 ,0 ,4.014 ,0 ,0 ,328.735 ,328.735 ,0 ,0 ,1.669 ,0 ,0 ,0 ,0 ,327.066 ,0 ,-60.932 
165.,TOLMIN,6.147.075 ,1.255.479 ,302.871 ,40.807 ,842.489 ,66.721 ,0 ,69.667 ,8.742 ,10.512 ,462.953 ,9.694 ,74.407 ,139.793 ,46.361 ,44.554 ,0 ,1.807 ,0 ,22.951 ,2.142.439 ,26.060 ,0 ,26.060 ,380.875 ,0 ,0 ,29.327 ,271 ,1.936 ,349.341 ,157.470 ,157.470 ,1.578.034 ,175.993 ,41.884 ,7.257 ,1.352.900 ,2.514.730 ,2.514.730 ,138.520 ,0 ,39.760 ,0 ,1.766.667 ,386.421 ,62.903 ,0 ,120.460 ,234.427 ,234.427 ,0 ,0 ,39.810 ,170.247 ,0 ,0 ,0 ,24.370 ,0 ,56.890 
166.,TRBOVLJE,6.924.036 ,1.753.718 ,518.603 ,74.775 ,1.123.414 ,262.026 ,7.065 ,169.863 ,15.999 ,2.608 ,497.054 ,7.661 ,4 ,161.133 ,4.811 ,1.081 ,0 ,3.731 ,0 ,32.115 ,2.831.347 ,19.275 ,0 ,19.275 ,1.305.500 ,0 ,0 ,31.831 ,0 ,0 ,1.273.669 ,350.017 ,350.017 ,1.156.556 ,0 ,102.708 ,204.957 ,848.890 ,1.949.967 ,1.949.967 ,55.867 ,0 ,14.580 ,0 ,1.191.408 ,379.440 ,41.746 ,0 ,266.925 ,389.004 ,389.004 ,4.402 ,0 ,12.727 ,109.669 ,0 ,0 ,0 ,262.206 ,0 ,-163.662 
167.,TREBNJE,6.390.907 ,612.673 ,312.544 ,44.830 ,216.183 ,51.210 ,0 ,41.571 ,5.567 ,1.415 ,20.493 ,26.840 ,0 ,69.087 ,150 ,150 ,0 ,0 ,0 ,38.967 ,3.623.189 ,333.638 ,0 ,333.638 ,542.664 ,0 ,0 ,3.568 ,0 ,7.912 ,531.184 ,422.617 ,422.617 ,2.324.270 ,244.859 ,64.180 ,522 ,2.014.710 ,1.135.841 ,1.135.841 ,0 ,0 ,69.805 ,0 ,847.025 ,153.434 ,22.676 ,0 ,42.902 ,1.019.204 ,1.019.204 ,296.102 ,0 ,40.515 ,406.956 ,0 ,12.189 ,0 ,263.441 ,0 ,692.159 
168.,TRNOVSKA VAS,617.543 ,123.898 ,55.663 ,7.244 ,57.278 ,9.769 ,7.470 ,5.830 ,0 ,2.729 ,18.353 ,0 ,0 ,13.128 ,0 ,0 ,0 ,0 ,0 ,3.714 ,190.110 ,72.767 ,0 ,72.767 ,41.934 ,0 ,0 ,0 ,0 ,0 ,41.934 ,12.535 ,12.535 ,62.873 ,1.652 ,5.675 ,0 ,55.546 ,303.534 ,303.534 ,0 ,0 ,8.008 ,0 ,137.093 ,130.087 ,1.811 ,0 ,26.536 ,0 ,0 ,0 ,0 ,0 ,0 ,0 ,0 ,0 ,0 ,0 ,-13.575 
169.,TRZIN,1.694.220 ,419.159 ,79.417 ,24.945 ,314.797 ,53.322 ,84.041 ,57.408 ,0 ,4.150 ,25.016 ,379 ,2.578 ,87.903 ,0 ,0 ,0 ,0 ,0 ,0 ,381.040 ,33.240 ,5.919 ,27.321 ,36.744 ,0 ,0 ,0 ,0 ,16.258 ,20.486 ,82.420 ,82.420 ,228.636 ,27.298 ,8.881 ,0 ,192.458 ,840.547 ,840.547 ,337.129 ,0 ,44.472 ,0 ,272.384 ,168.966 ,0 ,0 ,17.596 ,53.473 ,53.473 ,0 ,0 ,12.849 ,0 ,0 ,0 ,0 ,40.625 ,0 ,529.697 
170.,TRŽIČ,5.068.140 ,1.477.295 ,366.658 ,50.029 ,1.054.882 ,122.843 ,16.875 ,124.566 ,11.313 ,11.672 ,466.925 ,19.846 ,28.234 ,252.608 ,5.725 ,5.725 ,0 ,0 ,0 ,0 ,1.943.803 ,42.401 ,0 ,42.401 ,353.301 ,0 ,0 ,0 ,0 ,0 ,353.301 ,265.878 ,265.878 ,1.282.223 ,103.793 ,39.747 ,27.988 ,1.110.695 ,1.363.988 ,1.363.988 ,37.423 ,7.115 ,25.447 ,363 ,593.027 ,569.659 ,9.335 ,0 ,121.620 ,283.054 ,283.054 ,22.993 ,0 ,37.832 ,33.980 ,0 ,0 ,0 ,188.249 ,0 ,163.057 
171.,TURNIŠČE,2.104.603 ,169.029 ,67.919 ,9.168 ,79.423 ,12.114 ,4.978 ,20.598 ,5.187 ,2.858 ,23.227 ,0 ,0 ,10.462 ,0 ,0 ,0 ,0 ,0 ,12.519 ,708.529 ,39.071 ,0 ,39.071 ,307.081 ,0 ,0 ,255.179 ,0 ,0 ,51.903 ,10.716 ,10.716 ,351.661 ,7.511 ,0 ,45.981 ,298.168 ,149.437 ,149.437 ,0 ,0 ,3.593 ,0 ,0 ,145.844 ,0 ,0 ,0 ,1.077.608 ,1.077.608 ,104.323 ,0 ,0 ,973.285 ,0 ,0 ,0 ,0 ,0 ,-174.090 
172.,VELENJE (M),12.636.325 ,2.464.388 ,806.126 ,113.199 ,1.428.956 ,386.329 ,9.402 ,229.298 ,16.550 ,9.944 ,134.276 ,55.275 ,5.938 ,581.944 ,47.417 ,14.296 ,0 ,33.121 ,0 ,68.691 ,6.064.893 ,11.108 ,0 ,11.108 ,494.513 ,0 ,0 ,23.903 ,0 ,0 ,470.610 ,486.384 ,486.384 ,5.072.889 ,125.935 ,180.780 ,38.182 ,4.727.992 ,2.617.485 ,2.617.485 ,906.251 ,0 ,109.151 ,2.258 ,810.441 ,640.127 ,11.668 ,0 ,137.590 ,1.489.559 ,1.489.559 ,50.609 ,0 ,62.594 ,1.133.538 ,0 ,56.309 ,0 ,186.509 ,0 ,258.751 
173.,VELIKA POLANA,521.286 ,185.399 ,41.746 ,5.984 ,137.669 ,38.403 ,5.517 ,25.113 ,300 ,22.413 ,28.109 ,325 ,0 ,17.489 ,0 ,0 ,0 ,0 ,0 ,0 ,262.143 ,176.582 ,132.566 ,44.016 ,49.395 ,4.377 ,1.018 ,8.237 ,0 ,0 ,35.762 ,0 ,0 ,36.167 ,0 ,2.082 ,0 ,34.084 ,73.744 ,73.744 ,2.166 ,0 ,13.383 ,697 ,363 ,32.582 ,0 ,0 ,24.554 ,0 ,0 ,0 ,0 ,0 ,0 ,0 ,0 ,0 ,0 ,0 ,33.488 
174.,VELIKE LAŠČE,1.693.941 ,185.082 ,95.894 ,13.353 ,75.835 ,41.450 ,0 ,7.115 ,459 ,2.900 ,730 ,0 ,0 ,23.181 ,0 ,0 ,0 ,0 ,0 ,0 ,843.841 ,75.643 ,0 ,75.643 ,74.174 ,0 ,0 ,0 ,0 ,0 ,74.174 ,39.071 ,39.071 ,654.953 ,0 ,0 ,0 ,654.953 ,560.674 ,560.674 ,0 ,0 ,6.535 ,0 ,553.096 ,355 ,0 ,0 ,689 ,104.344 ,104.344 ,0 ,0 ,0 ,0 ,0 ,0 ,0 ,104.344 ,0 ,63 
175.,VERŽEJ,659.694 ,95.552 ,36.067 ,5.008 ,52.612 ,6.873 ,480 ,12.919 ,689 ,1.152 ,15.139 ,0 ,0 ,15.361 ,0 ,0 ,0 ,0 ,0 ,1.865 ,262.122 ,59.214 ,1.765 ,57.449 ,17.364 ,0 ,0 ,0 ,0 ,0 ,17.364 ,34.806 ,34.806 ,150.739 ,0 ,4.774 ,184 ,145.781 ,281.243 ,281.243 ,10.854 ,0 ,1.548 ,20.865 ,220.364 ,0 ,2.796 ,0 ,24.816 ,20.777 ,20.777 ,0 ,0 ,0 ,0 ,0 ,0 ,584 ,20.193 ,0 ,-27.249 
176.,VIDEM,2.365.398 ,503.714 ,110.457 ,14.200 ,367.147 ,46.194 ,0 ,66.767 ,6.030 ,246 ,193.486 ,0 ,0 ,54.423 ,0 ,0 ,0 ,0 ,0 ,11.910 ,1.000.885 ,324.291 ,7.257 ,317.034 ,224.791 ,0 ,743 ,3.359 ,0 ,0 ,220.689 ,71.958 ,71.958 ,379.845 ,46.674 ,56.835 ,0 ,276.335 ,832.624 ,832.624 ,0 ,5.183 ,39.125 ,34.064 ,435.069 ,295.577 ,0 ,0 ,23.606 ,28.176 ,28.176 ,0 ,0 ,28.176 ,0 ,0 ,0 ,0 ,0 ,0 ,-80.408 
177.,VIPAVA,2.283.959 ,486.868 ,96.958 ,13.875 ,362.010 ,29.753 ,0 ,30.512 ,13 ,2.041 ,208.175 ,154 ,0 ,91.362 ,0 ,0 ,0 ,0 ,0 ,14.025 ,882.624 ,16.692 ,12.519 ,4.173 ,541.642 ,559 ,6.760 ,693 ,0 ,0 ,533.630 ,103.518 ,103.518 ,220.773 ,78.338 ,16.600 ,26.577 ,99.257 ,728.063 ,728.063 ,93.540 ,0 ,12.118 ,0 ,390.273 ,163.428 ,8.596 ,0 ,60.107 ,186.405 ,186.405 ,97.379 ,0 ,72.943 ,0 ,0 ,0 ,0 ,16.082 ,0 ,193.574 
178.,VITANJE,983.208 ,355.066 ,64.593 ,8.408 ,282.065 ,27.700 ,13.825 ,43.252 ,755 ,597 ,142.556 ,0 ,0 ,53.380 ,0 ,0 ,0 ,0 ,0 ,0 ,319.258 ,60.236 ,0 ,60.236 ,142.017 ,10.779 ,7.349 ,221 ,0 ,0 ,123.669 ,44.842 ,44.842 ,72.162 ,0 ,0 ,0 ,72.162 ,292.560 ,292.560 ,0 ,0 ,13.270 ,497 ,227.967 ,7.987 ,21.808 ,0 ,21.032 ,16.324 ,16.324 ,759 ,0 ,0 ,0 ,0 ,0 ,0 ,15.565 ,0 ,-55.813 
179.,VODICE,1.592.664 ,766.208 ,129.511 ,14.672 ,599.862 ,63.466 ,1.360 ,53.388 ,4.895 ,7.624 ,223.176 ,4.407 ,0 ,241.546 ,0 ,0 ,0 ,0 ,0 ,22.162 ,451.786 ,21.303 ,0 ,21.303 ,317.163 ,0 ,4.173 ,3.009 ,0 ,4.210 ,305.771 ,59.552 ,59.552 ,53.768 ,0 ,8.058 ,0 ,45.710 ,339.793 ,339.793 ,0 ,0 ,28.843 ,0 ,88.090 ,80.450 ,30.087 ,0 ,112.323 ,34.877 ,34.877 ,0 ,0 ,31.297 ,0 ,0 ,0 ,0 ,3.580 ,0 ,-277.775 
180.,VOJNIK,3.333.901 ,706.168 ,203.793 ,28.610 ,460.140 ,104.002 ,13.433 ,76.986 ,19.934 ,6.389 ,143.903 ,18.428 ,7.186 ,69.880 ,9.452 ,9.452 ,0 ,0 ,0 ,4.173 ,1.273.602 ,102.379 ,0 ,102.379 ,810.908 ,78.459 ,1.619 ,13.353 ,0 ,154 ,717.322 ,147.283 ,147.283 ,213.032 ,58.726 ,41.913 ,0 ,112.394 ,1.343.632 ,1.343.632 ,17.856 ,16.145 ,35.887 ,9.510 ,556.668 ,583.433 ,33.496 ,0 ,90.636 ,10.499 ,10.499 ,0 ,0 ,0 ,0 ,0 ,0 ,0 ,10.499 ,0 ,-228.664 
181.,VRANSKO,1.701.694 ,699.182 ,84.756 ,12.477 ,575.325 ,27.737 ,14.234 ,31.677 ,0 ,0 ,480.262 ,6.022 ,0 ,15.394 ,26.623 ,26.623 ,0 ,0 ,0 ,0 ,678.589 ,186.601 ,0 ,186.601 ,109.039 ,0 ,0 ,0 ,0 ,0 ,109.039 ,130.375 ,130.375 ,252.575 ,0 ,14.947 ,3.255 ,234.372 ,270.222 ,270.222 ,0 ,0 ,35.207 ,0 ,197.638 ,4.060 ,0 ,0 ,33.317 ,53.701 ,53.701 ,0 ,0 ,54 ,0 ,0 ,0 ,0 ,53.647 ,0 ,-222.884 
182.,VRHNIKA,7.216.124 ,1.233.676 ,327.679 ,37.748 ,815.457 ,97.421 ,292 ,44.563 ,2.854 ,2.441 ,533.680 ,22.676 ,0 ,111.530 ,40.565 ,36.384 ,4.181 ,0 ,0 ,12.227 ,2.545.744 ,97.075 ,18.298 ,78.777 ,1.342.034 ,0 ,5.341 ,2.128 ,0 ,0 ,1.334.564 ,152.349 ,152.349 ,954.286 ,176.248 ,34.556 ,21.591 ,721.891 ,3.436.705 ,3.436.705 ,370.452 ,0 ,33.951 ,10.578 ,2.729.795 ,102.036 ,63.495 ,0 ,126.398 ,0 ,0 ,0 ,0 ,0 ,0 ,0 ,0 ,0 ,0 ,0 ,-334.310 
183.,VUZENICA,1.244.934 ,160.065 ,69.838 ,9.326 ,69.746 ,15.674 ,213 ,7.495 ,459 ,4.715 ,2.600 ,0 ,0 ,38.591 ,192 ,192 ,0 ,0 ,0 ,10.962 ,573.126 ,12.707 ,0 ,12.707 ,108.780 ,0 ,0 ,0 ,0 ,0 ,108.780 ,48.039 ,48.039 ,403.601 ,0 ,0 ,1.402 ,402.199 ,439.472 ,439.472 ,48.143 ,0 ,8.625 ,3.313 ,103.088 ,248.364 ,0 ,0 ,27.938 ,72.271 ,72.271 ,0 ,0 ,18.799 ,0 ,0 ,0 ,0 ,53.472 ,0 ,-123.827 
184.,ZAGORJE OB SAVI,6.089.476 ,1.719.325 ,349.516 ,50.593 ,1.286.171 ,185.708 ,303.564 ,128.856 ,15.202 ,4.319 ,509.765 ,21.532 ,7.257 ,109.969 ,6.067 ,6.055 ,0 ,0 ,13 ,26.978 ,2.607.657 ,54.469 ,0 ,54.469 ,394.008 ,0 ,0 ,51.569 ,0 ,24.424 ,318.015 ,504.532 ,504.532 ,1.654.649 ,118.019 ,74.190 ,223.122 ,1.239.317 ,1.360.061 ,1.360.061 ,0 ,0 ,85.770 ,104 ,276.694 ,631.885 ,231.017 ,0 ,134.589 ,402.433 ,402.433 ,0 ,0 ,98.790 ,44.008 ,0 ,0 ,3.547 ,256.088 ,0 ,71.970 
185.,ZAVRČ,1.039.484 ,208.688 ,51.435 ,7.006 ,145.435 ,11.438 ,676 ,22.104 ,0 ,5.312 ,56.543 ,0 ,0 ,49.362 ,638 ,638 ,0 ,0 ,0 ,4.173 ,193.782 ,64.931 ,0 ,64.931 ,70.911 ,438 ,0 ,0 ,0 ,0 ,70.472 ,19.871 ,19.871 ,38.070 ,4.594 ,17.288 ,0 ,16.187 ,637.014 ,637.014 ,0 ,0 ,6.522 ,0 ,621.102 ,0 ,0 ,0 ,9.389 ,0 ,0 ,0 ,0 ,0 ,0 ,0 ,0 ,0 ,0 ,0 ,-63.946 
186.,ZREČE,2.461.096 ,951.515 ,160.132 ,22.730 ,726.419 ,75.376 ,21.737 ,242.288 ,5.896 ,5.613 ,250.964 ,12.661 ,2.107 ,109.777 ,12.515 ,10.704 ,0 ,1.811 ,0 ,29.720 ,942.355 ,33.609 ,10.862 ,22.747 ,508.993 ,396 ,0 ,931 ,0 ,0 ,507.666 ,142.526 ,142.526 ,257.228 ,60.370 ,16.149 ,1.928 ,178.781 ,567.226 ,567.226 ,20.381 ,2.295 ,29.315 ,0 ,428.005 ,72.609 ,14.622 ,0 ,0 ,0 ,0 ,0 ,0 ,0 ,0 ,0 ,0 ,0 ,0 ,0 ,118.536 
187.,ŽALEC,7.725.259 ,1.862.164 ,412.414 ,57.920 ,1.309.902 ,194.433 ,53.693 ,84.247 ,12.423 ,6.994 ,660.336 ,3.839 ,9.685 ,284.251 ,36.797 ,36.617 ,0 ,179 ,0 ,45.130 ,4.079.490 ,517.668 ,0 ,517.668 ,576.206 ,0 ,0 ,11.050 ,0 ,2.191 ,562.965 ,479.106 ,479.106 ,2.506.510 ,391.804 ,116.871 ,236.275 ,1.761.559 ,851.644 ,851.644 ,0 ,26.928 ,40.148 ,24.491 ,41.362 ,510.144 ,50.997 ,0 ,157.574 ,931.960 ,931.960 ,193.691 ,0 ,147.730 ,125.613 ,0 ,0 ,8.346 ,456.581 ,0 ,-202.070 
188.,ŽELEZNIKI,2.493.678 ,451.081 ,117.969 ,17.614 ,267.864 ,57.132 ,5.709 ,83.972 ,801 ,3.059 ,31.956 ,23.531 ,776 ,60.929 ,4.069 ,4.069 ,0 ,0 ,0 ,43.565 ,949.295 ,68.916 ,0 ,68.916 ,449.629 ,0 ,2.233 ,8.955 ,0 ,0 ,438.441 ,105.108 ,105.108 ,325.643 ,170.702 ,0 ,0 ,154.941 ,863.499 ,863.499 ,0 ,14.238 ,7.812 ,981 ,357.269 ,421.132 ,20.865 ,0 ,41.203 ,229.803 ,229.803 ,72.513 ,0 ,24.495 ,0 ,0 ,0 ,2.107 ,130.688 ,0 ,470.877 
189.,ŽETALE,1.515.089 ,186.150 ,27.220 ,3.710 ,150.104 ,12.677 ,676 ,6.226 ,20.506 ,417 ,3.313 ,0 ,0 ,106.289 ,4.636 ,4.636 ,0 ,0 ,0 ,480 ,158.567 ,10.178 ,0 ,10.178 ,79.820 ,0 ,0 ,0 ,0 ,0 ,79.820 ,12.527 ,12.527 ,56.042 ,0 ,12.356 ,0 ,43.686 ,1.170.372 ,1.170.372 ,0 ,0 ,83.075 ,0 ,1.051.590 ,38 ,0 ,0 ,35.670 ,0 ,0 ,0 ,0 ,0 ,0 ,0 ,0 ,0 ,0 ,0 ,-240.394 
190.,ŽIRI,1.838.199 ,629.044 ,127.107 ,17.564 ,476.306 ,59.139 ,1.331 ,112.548 ,6.606 ,1.970 ,206.159 ,13.111 ,11.993 ,63.449 ,8.066 ,0 ,0 ,8.066 ,0 ,0 ,707.036 ,42.284 ,0 ,42.284 ,370.043 ,0 ,0 ,13.324 ,0 ,179 ,356.539 ,129.799 ,129.799 ,164.910 ,0 ,0 ,0 ,164.910 ,488.374 ,488.374 ,0 ,0 ,9.819 ,204 ,5.896 ,432.674 ,19.901 ,0 ,19.880 ,13.746 ,13.746 ,0 ,0 ,11.684 ,0 ,0 ,0 ,0 ,2.061 ,0 ,12.573 
191.,ŽIROVNICA,1.342.981 ,445.806 ,95.506 ,14.034 ,320.280 ,53.768 ,30.521 ,19.634 ,0 ,6.981 ,114.230 ,0 ,5.208 ,89.939 ,2.145 ,0 ,0 ,2.145 ,0 ,13.842 ,564.042 ,42.409 ,0 ,42.409 ,226.156 ,8.605 ,3.326 ,8.333 ,0 ,0 ,205.892 ,115.144 ,115.144 ,180.333 ,4.173 ,0 ,9.890 ,166.270 ,317.217 ,317.217 ,163.579 ,0 ,5.108 ,0 ,21.708 ,73.327 ,28.593 ,0 ,24.904 ,15.916 ,15.916 ,0 ,0 ,0 ,0 ,0 ,0 ,0 ,15.916 ,0 ,-1.277 
192.,ŽUŽEMBERK,2.111.071 ,434.619 ,84.735 ,8.880 ,332.528 ,45.852 ,0 ,36.943 ,5.058 ,2.103 ,167.226 ,5.884 ,43.511 ,25.951 ,0 ,0 ,0 ,0 ,0 ,8.475 ,810.149 ,136.292 ,0 ,136.292 ,216.992 ,0 ,0 ,2.475 ,0 ,0 ,214.518 ,56.931 ,56.931 ,399.933 ,0 ,20.143 ,0 ,379.791 ,749.487 ,749.487 ,0 ,19.212 ,15.135 ,2.007 ,456.693 ,182.244 ,0 ,734 ,73.460 ,116.817 ,116.817 ,0 ,24.099 ,18.778 ,50.075 ,0 ,334 ,3.338 ,20.193 ,0 ,-149.620 
,SKUPAJ,894.732.464 ,194.159.798 ,49.410.376 ,6.872.137 ,130.470.903 ,18.485.063 ,3.881.307 ,17.670.406 ,2.282.165 ,1.071.972 ,52.434.904 ,2.867.734 ,5.819.628 ,25.957.724 ,2.460.933 ,1.479.411 ,55.855 ,780.112 ,145.556 ,4.945.449 ,374.023.835 ,25.823.767 ,6.319.916 ,19.503.851 ,98.569.160 ,476.715 ,487.223 ,1.911.142 ,12.047 ,775.614 ,94.906.419 ,39.209.737 ,39.209.737 ,210.421.171 ,16.304.493 ,8.158.228 ,15.303.466 ,170.654.985 ,243.136.854 ,243.136.854 ,8.966.440 ,1.724.654 ,9.680.006 ,1.303.401 ,146.560.790 ,46.040.772 ,11.380.142 ,75.146 ,17.405.503 ,83.411.977 ,83.411.977 ,6.777.888 ,8.522.926 ,4.895.594 ,20.091.724 ,28.856 ,3.106.697 ,959.573 ,39.028.721 ,0 ,2.647.672 
