,,I.,7,70,700,7000,703,7030,7031,7032,7033,704,7044,7045,7047,706,7060,71,710,7100,7102,7103,711,7111,712,7120,713,7130,714,7141,72,720,7200,7201,7202,7203,721,722,7220,7221,7222,73,730,7300,7301,731,7310,7311,7312,7313,732,7320,74,740,7400,7401,7402,7403,7404,741,7410,7411,7412,7413,7414,7415,7416,7417
,,SKUPAJ PRIHODKI,TEKOČI PRIHODKI,TEKOČI PRIHODKI,TEKOČI PRIHODKI,TEKOČI PRIHODKI,TEKOČI PRIHODKI,TEKOČI PRIHODKI,TEKOČI PRIHODKI,TEKOČI PRIHODKI,TEKOČI PRIHODKI,TEKOČI PRIHODKI,TEKOČI PRIHODKI,TEKOČI PRIHODKI,TEKOČI PRIHODKI,TEKOČI PRIHODKI,TEKOČI PRIHODKI,TEKOČI PRIHODKI,TEKOČI PRIHODKI,TEKOČI PRIHODKI,TEKOČI PRIHODKI,TEKOČI PRIHODKI,TEKOČI PRIHODKI,TEKOČI PRIHODKI,TEKOČI PRIHODKI,TEKOČI PRIHODKI,TEKOČI PRIHODKI,TEKOČI PRIHODKI,TEKOČI PRIHODKI,TEKOČI PRIHODKI,,,,,,,,,,,,,,,,,,,,,,,,,,,,,,,,,,,,,,
,,70+71+72+73+74,70+71,DAVČNI PRIHODKI,DAVČNI PRIHODKI,DAVČNI PRIHODKI,DAVČNI PRIHODKI,DAVČNI PRIHODKI,DAVČNI PRIHODKI,DAVČNI PRIHODKI,DAVČNI PRIHODKI,DAVČNI PRIHODKI,DAVČNI PRIHODKI,DAVČNI PRIHODKI,DAVČNI PRIHODKI,DAVČNI PRIHODKI,DAVČNI PRIHODKI,NEDAVČNI PRIHODKI,NEDAVČNI PRIHODKI,NEDAVČNI PRIHODKI,NEDAVČNI PRIHODKI,NEDAVČNI PRIHODKI,NEDAVČNI PRIHODKI,NEDAVČNI PRIHODKI,NEDAVČNI PRIHODKI,NEDAVČNI PRIHODKI,NEDAVČNI PRIHODKI,NEDAVČNI PRIHODKI,NEDAVČNI PRIHODKI,NEDAVČNI PRIHODKI,KAPITALSKI PRIHODKI,KAPITALSKI PRIHODKI,KAPITALSKI PRIHODKI,KAPITALSKI PRIHODKI,KAPITALSKI PRIHODKI,KAPITALSKI PRIHODKI,KAPITALSKI PRIHODKI,KAPITALSKI PRIHODKI,KAPITALSKI PRIHODKI,KAPITALSKI PRIHODKI,KAPITALSKI PRIHODKI,PREJETE DONACIJE,PREJETE DONACIJE,PREJETE DONACIJE,PREJETE DONACIJE,PREJETE DONACIJE,PREJETE DONACIJE,PREJETE DONACIJE,PREJETE DONACIJE,PREJETE DONACIJE,PREJETE DONACIJE,PREJETE DONACIJE,TRANSFERNI PRIHODKI,TRANSFERNI PRIHODKI,TRANSFERNI PRIHODKI,TRANSFERNI PRIHODKI,TRANSFERNI PRIHODKI,TRANSFERNI PRIHODKI,TRANSFERNI PRIHODKI,TRANSFERNI PRIHODKI,TRANSFERNI PRIHODKI,TRANSFERNI PRIHODKI,TRANSFERNI PRIHODKI,TRANSFERNI PRIHODKI,TRANSFERNI PRIHODKI,TRANSFERNI PRIHODKI,TRANSFERNI PRIHODKI,TRANSFERNI PRIHODKI
,,,,700+703+704+706,"DAVKI NA DOHODEK IN
DOBIČEK","DAVKI NA DOHODEK IN
DOBIČEK",DAVKI NA PREMOŽENJE,DAVKI NA PREMOŽENJE,DAVKI NA PREMOŽENJE,DAVKI NA PREMOŽENJE,DAVKI NA PREMOŽENJE,DOMAČI DAVKI NA BLAGO IN STORITVE,DOMAČI DAVKI NA BLAGO IN STORITVE,DOMAČI DAVKI NA BLAGO IN STORITVE,DOMAČI DAVKI NA BLAGO IN STORITVE,DRUGI DAVKI,DRUGI DAVKI,710+711+712+713+714,UDELEŽBA NA DOBIČKU IN DOHODKI OD PREMOŽENJA ,UDELEŽBA NA DOBIČKU IN DOHODKI OD PREMOŽENJA ,UDELEŽBA NA DOBIČKU IN DOHODKI OD PREMOŽENJA ,UDELEŽBA NA DOBIČKU IN DOHODKI OD PREMOŽENJA ,TAKSE IN PRISTOJBINE,TAKSE IN PRISTOJBINE,DENARNE KAZNI ,DENARNE KAZNI ,PRIHODKI OD PRODAJE BLAGA IN STORITEV,PRIHODKI OD PRODAJE BLAGA IN STORITEV,DRUGI NEDAVČNI PRIHODKI,DRUGI NEDAVČNI PRIHODKI,720+721+722,PRIHODKI OD PRODAJE OSNOVNIH SREDSTEV,PRIHODKI OD PRODAJE OSNOVNIH SREDSTEV,PRIHODKI OD PRODAJE OSNOVNIH SREDSTEV,PRIHODKI OD PRODAJE OSNOVNIH SREDSTEV,PRIHODKI OD PRODAJE OSNOVNIH SREDSTEV,PRIHODKI OD PRODAJE ZALOG,PRIHODKI OD PRODAJE ZEMLJIŠČ IN NEOPREDMET. DOLGOROČ. SREDSTEV,PRIHODKI OD PRODAJE ZEMLJIŠČ IN NEOPREDMET. DOLGOROČ. SREDSTEV,PRIHODKI OD PRODAJE ZEMLJIŠČ IN NEOPREDMET. DOLGOROČ. SREDSTEV,PRIHODKI OD PRODAJE ZEMLJIŠČ IN NEOPREDMET. DOLGOROČ. SREDSTEV,730+731+732,PREJETE DONACIJE IZ DOMAČIH VIROV ,PREJETE DONACIJE IZ DOMAČIH VIROV ,PREJETE DONACIJE IZ DOMAČIH VIROV ,PREJETE DONACIJE IZ TUJINE,PREJETE DONACIJE IZ TUJINE,PREJETE DONACIJE IZ TUJINE,PREJETE DONACIJE IZ TUJINE,PREJETE DONACIJE IZ TUJINE,DONACIJE ZA ODPRAVO POSLEDIC NARAVNIH NESREČ,DONACIJE ZA ODPRAVO POSLEDIC NARAVNIH NESREČ,740+741,TRANSFERNI PRIH. IZ DRUGIH JAVNOFINANČNIH INSTITUCIJ,TRANSFERNI PRIH. IZ DRUGIH JAVNOFINANČNIH INSTITUCIJ,TRANSFERNI PRIH. IZ DRUGIH JAVNOFINANČNIH INSTITUCIJ,TRANSFERNI PRIH. IZ DRUGIH JAVNOFINANČNIH INSTITUCIJ,TRANSFERNI PRIH. IZ DRUGIH JAVNOFINANČNIH INSTITUCIJ,TRANSFERNI PRIH. IZ DRUGIH JAVNOFINANČNIH INSTITUCIJ,PREJETA SREDSTVA IZ DRŽAVNEGA PRORAČUNA IZ SREDSTEV PRORAČUNA EVROPSKE UNIJE,PREJETA SREDSTVA IZ DRŽAVNEGA PRORAČUNA IZ SREDSTEV PRORAČUNA EVROPSKE UNIJE,PREJETA SREDSTVA IZ DRŽAVNEGA PRORAČUNA IZ SREDSTEV PRORAČUNA EVROPSKE UNIJE,PREJETA SREDSTVA IZ DRŽAVNEGA PRORAČUNA IZ SREDSTEV PRORAČUNA EVROPSKE UNIJE,PREJETA SREDSTVA IZ DRŽAVNEGA PRORAČUNA IZ SREDSTEV PRORAČUNA EVROPSKE UNIJE,PREJETA SREDSTVA IZ DRŽAVNEGA PRORAČUNA IZ SREDSTEV PRORAČUNA EVROPSKE UNIJE,PREJETA SREDSTVA IZ DRŽAVNEGA PRORAČUNA IZ SREDSTEV PRORAČUNA EVROPSKE UNIJE,PREJETA SREDSTVA IZ DRŽAVNEGA PRORAČUNA IZ SREDSTEV PRORAČUNA EVROPSKE UNIJE,PREJETA SREDSTVA IZ DRŽAVNEGA PRORAČUNA IZ SREDSTEV PRORAČUNA EVROPSKE UNIJE
,- v EUR,,,,,Dohodnina,,Davki na nepremičnine,Davki na premičnine,Davki na dediščine in darila,Davki na promet nepremičnin in na finančno premoženje,,Davki na posebne storitve ,Dovoljenja za poslovanje in za opravljanje dejavnosti ,Drugi davki na uporabo blaga in storitev,,Drugi davki,,,"Prihodki od udeležbe na dobičku in dividend ter presežkov prihodkov nad
odhodki",Prihodki od obresti,Prihodki od premoženja ,,Upravne takse in pristojbine,,Denarne kazni,,Prihodki od prodaje blaga in storitev,,Drugi nedavčni prihodki,,,Prihodki od prodaje zgradb in prostorov,Prihodki od prodaje prevoznih sredstev,Prihodki od prodaje opreme,Prihodki od prodaje drugih osnovnih sredstev,,,Prihodki od prodaje kmetijskih zemljišč in gozdov,Prihodki od prodaje stavbnih zemljišč,Prihodki od prodaje premoženjskih pravic in drugih neopredmetenih dolgoročnih sredstev,,,Prejete donacije in darila od domačih pravnih oseb,Prejete donacije in darila od domačih fizičnih oseb,,Prejete donacije in darila od tujih nevladnih organizacij in fundacij,Prejete donacije in darila od tujih vlad in vladnih institucij,Prejete donacije in darila od tujih pravnih oseb,Prejete donacije in darila od tujih fizičnih oseb,,Donacije za odpravo posledic naravnih nesreč,,,Prejeta sredstva iz državnega proračuna,Prejeta sredstva iz občinskih proračunov,Prejeta sredstva iz skladov socialnega zavarovanja ,Prejeta sredstva iz javnih skladov,Prejeta sredstva iz javnih agencij,,Prejeta sredstva iz državnega proračuna iz predpristopnih pomoči Evropske unije,Prejeta sredstva iz državnega proračuna iz sredstev proračuna Evropske unije za izvajanje skupne kmetijske politike,Prejeta sredstva iz državnega proračuna iz sredstev proračuna Evropske unije za strukturno politiko,Prejeta sredstva iz državnega proračuna iz sredstev proračuna Evropske unije za kohezijsko politiko,Prejeta sredstva iz državnega proračuna iz sredstev proračuna Evropske unije za izvajanje notranje politike,Prejeta sredstva iz državnega proračuna iz sredstev proračuna Evropske unije iz naslova pavšalnih povračil,Druga prejeta sredstva iz državnega proračuna iz sredstev proračuna Evropske unije,Prejeta sredstva iz državnega proračuna - iz sredstev drugih evropskih institucij
"Zap.
št.",OBČINA,,,,,,,,,,,,,,,,,,,,,,,,,,,,,,,,,,,,,,,,,,,,,,,,,,,,,,,,,,,,,,,,,,,
1.,AJDOVŠČINA,12.080.471 ,7.995.898 ,6.263.324 ,4.801.043 ,4.801.043 ,671.770 ,409.456 ,113 ,67.560 ,194.642 ,790.511 ,9.218 ,0 ,781.293 ,0 ,0 ,1.732.574 ,921.816 ,143.244 ,40.840 ,737.732 ,23.039 ,23.039 ,10.399 ,10.399 ,8.855 ,8.855 ,768.465 ,768.465 ,405.358 ,70.977 ,67.639 ,3.338 ,0 ,0 ,0 ,334.381 ,9.673 ,324.708 ,0 ,1.169.337 ,501 ,501 ,0 ,1.168.837 ,31.339 ,1.137.498 ,0 ,0 ,0 ,0 ,2.509.877 ,2.509.877 ,2.476.999 ,32.878 ,0 ,0 ,0 ,0 ,0 ,0 ,0 ,0 ,0 ,0 ,0 ,0 
2.,BELTINCI,4.691.270 ,2.319.039 ,2.007.518 ,1.501.155 ,1.501.155 ,310.232 ,262.341 ,0 ,4.465 ,43.426 ,196.131 ,3.524 ,0 ,192.607 ,0 ,0 ,311.521 ,61.586 ,6.352 ,34.163 ,21.070 ,5.659 ,5.659 ,1.367 ,1.367 ,20.949 ,20.949 ,221.960 ,221.960 ,329.381 ,7.801 ,7.801 ,0 ,0 ,0 ,0 ,321.580 ,1.731 ,319.850 ,0 ,0 ,0 ,0 ,0 ,0 ,0 ,0 ,0 ,0 ,0 ,0 ,2.042.850 ,1.955.779 ,1.731.853 ,0 ,0 ,223.926 ,0 ,87.072 ,0 ,0 ,87.072 ,0 ,0 ,0 ,0 ,0 
3.,BENEDIKT,1.764.319 ,508.048 ,364.773 ,264.706 ,264.706 ,36.171 ,20.079 ,0 ,790 ,15.303 ,63.896 ,60 ,0 ,63.835 ,0 ,0 ,143.275 ,22.068 ,1.527 ,233 ,20.308 ,2.671 ,2.671 ,583 ,583 ,94.496 ,94.496 ,23.457 ,23.457 ,321.063 ,1.710 ,1.710 ,0 ,0 ,0 ,0 ,319.353 ,0 ,319.353 ,0 ,0 ,0 ,0 ,0 ,0 ,0 ,0 ,0 ,0 ,0 ,0 ,935.208 ,935.208 ,935.208 ,0 ,0 ,0 ,0 ,0 ,0 ,0 ,0 ,0 ,0 ,0 ,0 ,0 
4.,BISTRICA OB SOTLI,1.151.099 ,349.374 ,287.551 ,184.545 ,184.545 ,58.312 ,51.524 ,0 ,2.721 ,4.067 ,44.694 ,106 ,0 ,44.588 ,0 ,0 ,61.823 ,25.109 ,0 ,4.692 ,20.417 ,2.780 ,2.780 ,3.463 ,3.463 ,11.364 ,11.364 ,19.107 ,19.107 ,10.189 ,498 ,498 ,0 ,0 ,0 ,0 ,9.692 ,0 ,9.692 ,0 ,0 ,0 ,0 ,0 ,0 ,0 ,0 ,0 ,0 ,0 ,0 ,791.536 ,791.536 ,705.157 ,0 ,0 ,86.380 ,0 ,0 ,0 ,0 ,0 ,0 ,0 ,0 ,0 ,0 
5.,BLED,8.329.953 ,6.685.991 ,5.830.141 ,3.549.024 ,3.549.024 ,1.137.577 ,758.125 ,2.817 ,28.267 ,348.368 ,1.143.540 ,22.396 ,0 ,1.121.144 ,0 ,0 ,855.850 ,183.438 ,0 ,24.683 ,158.755 ,23.911 ,23.911 ,48.322 ,48.322 ,91.992 ,91.992 ,508.187 ,508.187 ,1.161.642 ,1.132.774 ,1.132.766 ,0 ,8 ,0 ,0 ,28.868 ,0 ,28.868 ,0 ,18.419 ,18.419 ,18.419 ,0 ,0 ,0 ,0 ,0 ,0 ,0 ,0 ,463.900 ,463.900 ,463.900 ,0 ,0 ,0 ,0 ,0 ,0 ,0 ,0 ,0 ,0 ,0 ,0 ,0 
6.,BLOKE,1.355.872 ,613.898 ,494.019 ,371.396 ,371.396 ,74.497 ,65.334 ,0 ,723 ,8.440 ,48.126 ,479 ,0 ,47.647 ,0 ,0 ,119.879 ,15.037 ,0 ,1.024 ,14.013 ,2.223 ,2.223 ,31.925 ,31.925 ,0 ,0 ,70.695 ,70.695 ,75.212 ,642 ,642 ,0 ,0 ,0 ,0 ,74.570 ,8.429 ,66.141 ,0 ,0 ,0 ,0 ,0 ,0 ,0 ,0 ,0 ,0 ,0 ,0 ,666.761 ,666.761 ,593.536 ,16.192 ,0 ,0 ,57.033 ,0 ,0 ,0 ,0 ,0 ,0 ,0 ,0 ,0 
7.,BOHINJ,4.472.413 ,3.265.657 ,2.048.235 ,1.156.864 ,1.156.864 ,464.071 ,324.466 ,0 ,11.342 ,128.263 ,427.299 ,2.182 ,0 ,425.117 ,0 ,0 ,1.217.422 ,382.949 ,6.664 ,41.625 ,334.660 ,12.185 ,12.185 ,33.792 ,33.792 ,691.266 ,691.266 ,97.229 ,97.229 ,16.203 ,16.195 ,14.597 ,1.598 ,0 ,0 ,0 ,8 ,0 ,0 ,8 ,0 ,0 ,0 ,0 ,0 ,0 ,0 ,0 ,0 ,0 ,0 ,1.190.553 ,1.190.553 ,1.172.692 ,0 ,17.860 ,0 ,0 ,0 ,0 ,0 ,0 ,0 ,0 ,0 ,0 ,0 
8.,BOROVNICA ,2.350.897 ,1.440.248 ,1.305.074 ,1.034.030 ,1.034.030 ,149.983 ,97.805 ,0 ,8.204 ,43.974 ,121.061 ,1.719 ,0 ,119.342 ,0 ,0 ,135.174 ,102.575 ,6.022 ,40.769 ,55.784 ,2.470 ,2.470 ,267 ,267 ,2.571 ,2.571 ,27.291 ,27.291 ,318.795 ,235.553 ,235.553 ,0 ,0 ,0 ,0 ,83.242 ,0 ,83.242 ,0 ,0 ,0 ,0 ,0 ,0 ,0 ,0 ,0 ,0 ,0 ,0 ,591.854 ,591.854 ,591.854 ,0 ,0 ,0 ,0 ,0 ,0 ,0 ,0 ,0 ,0 ,0 ,0 ,0 
9.,BOVEC,4.254.306 ,2.145.702 ,1.278.939 ,803.338 ,803.338 ,221.920 ,128.864 ,0 ,10.457 ,82.599 ,253.681 ,1.811 ,0 ,251.869 ,0 ,0 ,866.763 ,753.497 ,0 ,14.376 ,739.121 ,4.377 ,4.377 ,1.110 ,1.110 ,94.091 ,94.091 ,13.687 ,13.687 ,263.257 ,186.859 ,186.859 ,0 ,0 ,0 ,0 ,76.398 ,113 ,76.285 ,0 ,18.390 ,12.611 ,12.611 ,0 ,0 ,0 ,0 ,0 ,0 ,5.780 ,5.780 ,1.826.957 ,1.776.260 ,1.565.511 ,0 ,0 ,6.339 ,204.411 ,50.697 ,0 ,0 ,0 ,0 ,0 ,0 ,50.697 ,0 
10.,BRASLOVČE,2.545.168 ,1.710.278 ,1.563.211 ,1.250.868 ,1.250.868 ,148.623 ,89.935 ,1.365 ,5.062 ,52.262 ,163.721 ,1.369 ,0 ,162.352 ,0 ,0 ,147.066 ,72.329 ,26.665 ,10.445 ,35.220 ,8.734 ,8.734 ,0 ,0 ,7.340 ,7.340 ,58.663 ,58.663 ,55.558 ,0 ,0 ,0 ,0 ,0 ,0 ,55.558 ,0 ,55.558 ,0 ,0 ,0 ,0 ,0 ,0 ,0 ,0 ,0 ,0 ,0 ,0 ,779.332 ,779.332 ,766.491 ,3.989 ,0 ,8.851 ,0 ,0 ,0 ,0 ,0 ,0 ,0 ,0 ,0 ,0 
11.,BRDA,3.651.982 ,2.586.985 ,1.854.198 ,1.448.673 ,1.448.673 ,222.012 ,178.247 ,0 ,19.483 ,24.282 ,183.513 ,401 ,0 ,183.112 ,0 ,0 ,732.787 ,633.959 ,6.835 ,11.605 ,615.519 ,4.332 ,4.332 ,3.910 ,3.910 ,17.318 ,17.318 ,73.268 ,73.268 ,108.980 ,103.117 ,103.117 ,0 ,0 ,0 ,0 ,5.863 ,463 ,5.400 ,0 ,3.138 ,3.138 ,1.857 ,1.281 ,0 ,0 ,0 ,0 ,0 ,0 ,0 ,952.879 ,952.879 ,936.517 ,5.008 ,0 ,11.355 ,0 ,0 ,0 ,0 ,0 ,0 ,0 ,0 ,0 ,0 
12.,BREZOVICA,5.079.086 ,4.852.741 ,3.939.783 ,3.227.224 ,3.227.224 ,514.278 ,258.959 ,1.178 ,79.812 ,174.329 ,198.281 ,28.184 ,0 ,170.097 ,0 ,0 ,912.958 ,127.492 ,87.814 ,10.889 ,28.789 ,6.420 ,6.420 ,6.165 ,6.165 ,3.619 ,3.619 ,769.261 ,769.261 ,35.516 ,0 ,0 ,0 ,0 ,0 ,0 ,35.516 ,0 ,35.516 ,0 ,0 ,0 ,0 ,0 ,0 ,0 ,0 ,0 ,0 ,0 ,0 ,190.830 ,190.830 ,172.583 ,15.326 ,0 ,2.921 ,0 ,0 ,0 ,0 ,0 ,0 ,0 ,0 ,0 ,0 
13.,BREŽICE,15.788.316 ,10.042.756 ,8.006.706 ,4.971.753 ,4.971.753 ,1.090.244 ,789.509 ,0 ,22.555 ,278.180 ,1.944.709 ,8.121 ,0 ,1.936.588 ,0 ,0 ,2.036.050 ,381.727 ,338 ,32.745 ,348.644 ,195.694 ,195.694 ,17.080 ,17.080 ,15.840 ,15.840 ,1.425.709 ,1.425.709 ,295.118 ,258.204 ,258.204 ,0 ,0 ,0 ,0 ,36.914 ,6.047 ,30.867 ,0 ,0 ,0 ,0 ,0 ,0 ,0 ,0 ,0 ,0 ,0 ,0 ,5.450.442 ,5.450.442 ,5.450.442 ,0 ,0 ,0 ,0 ,0 ,0 ,0 ,0 ,0 ,0 ,0 ,0 ,0 
14.,CANKOVA,1.109.489 ,392.039 ,339.071 ,262.399 ,262.399 ,60.768 ,45.372 ,0 ,855 ,14.541 ,15.904 ,664 ,0 ,15.240 ,0 ,0 ,52.968 ,7.377 ,1.245 ,552 ,5.579 ,2.925 ,2.925 ,2.936 ,2.936 ,595 ,595 ,39.135 ,39.135 ,9.976 ,42 ,0 ,0 ,42 ,0 ,0 ,9.934 ,9.934 ,0 ,0 ,4.987 ,4.987 ,4.987 ,0 ,0 ,0 ,0 ,0 ,0 ,0 ,0 ,702.488 ,702.488 ,699.598 ,0 ,0 ,2.890 ,0 ,0 ,0 ,0 ,0 ,0 ,0 ,0 ,0 ,0 
15.,MESTNA OBČINA CELJE,40.043.874 ,28.515.160 ,23.460.391 ,15.324.704 ,15.324.704 ,6.650.284 ,5.430.880 ,63 ,92.155 ,1.127.187 ,1.485.403 ,35.357 ,0 ,1.450.046 ,0 ,0 ,5.054.770 ,2.117.347 ,163.983 ,28.347 ,1.925.017 ,61.375 ,61.375 ,105.041 ,105.041 ,64.484 ,64.484 ,2.706.522 ,2.706.522 ,6.766.178 ,870.393 ,870.393 ,0 ,0 ,0 ,0 ,5.895.785 ,0 ,5.895.785 ,0 ,5.734 ,5.734 ,0 ,5.734 ,0 ,0 ,0 ,0 ,0 ,0 ,0 ,4.756.802 ,4.756.802 ,4.756.802 ,0 ,0 ,0 ,0 ,0 ,0 ,0 ,0 ,0 ,0 ,0 ,0 ,0 
16.,CERKLJE NA GORENJSKEM,4.084.289 ,3.078.739 ,2.446.198 ,1.689.730 ,1.689.730 ,480.225 ,183.918 ,0 ,2.992 ,293.315 ,276.244 ,21.445 ,0 ,254.799 ,0 ,0 ,632.540 ,250.659 ,39.313 ,49.474 ,161.872 ,18.290 ,18.290 ,5.487 ,5.487 ,6.097 ,6.097 ,352.007 ,352.007 ,281.464 ,1.202 ,1.135 ,0 ,67 ,0 ,0 ,280.262 ,0 ,280.262 ,0 ,0 ,0 ,0 ,0 ,0 ,0 ,0 ,0 ,0 ,0 ,0 ,724.086 ,724.086 ,724.086 ,0 ,0 ,0 ,0 ,0 ,0 ,0 ,0 ,0 ,0 ,0 ,0 ,0 
17.,CERKNICA,12.215.110 ,4.595.872 ,3.953.447 ,2.697.812 ,2.697.812 ,684.669 ,503.753 ,20 ,25.875 ,155.020 ,570.967 ,246.163 ,0 ,324.804 ,0 ,0 ,642.425 ,315.553 ,168 ,69.993 ,245.391 ,22.830 ,22.830 ,2.839 ,2.839 ,0 ,0 ,301.203 ,301.203 ,4.937.966 ,154.917 ,154.917 ,0 ,0 ,0 ,0 ,4.783.050 ,0 ,4.783.050 ,0 ,0 ,0 ,0 ,0 ,0 ,0 ,0 ,0 ,0 ,0 ,0 ,2.681.272 ,2.681.272 ,2.681.272 ,0 ,0 ,0 ,0 ,0 ,0 ,0 ,0 ,0 ,0 ,0 ,0 ,0 
18.,CERKNO,3.636.097 ,2.372.518 ,1.721.827 ,1.476.357 ,1.476.357 ,171.042 ,143.619 ,0 ,4.488 ,22.936 ,74.428 ,914 ,0 ,73.513 ,0 ,0 ,650.691 ,554.245 ,435 ,4.281 ,549.529 ,4.093 ,4.093 ,0 ,0 ,7.972 ,7.972 ,84.381 ,84.381 ,13.948 ,11.014 ,10.191 ,0 ,281 ,542 ,0 ,2.934 ,146 ,2.788 ,0 ,763 ,763 ,104 ,659 ,0 ,0 ,0 ,0 ,0 ,0 ,0 ,1.248.868 ,1.248.868 ,1.248.868 ,0 ,0 ,0 ,0 ,0 ,0 ,0 ,0 ,0 ,0 ,0 ,0 ,0 
19.,CERKVENJAK,1.112.922 ,376.637 ,265.752 ,216.263 ,216.263 ,20.637 ,13.295 ,0 ,407 ,6.935 ,28.852 ,384 ,0 ,28.469 ,0 ,0 ,110.884 ,14.787 ,0 ,3.687 ,11.100 ,1.651 ,1.651 ,317 ,317 ,32.355 ,32.355 ,61.775 ,61.775 ,841 ,0 ,0 ,0 ,0 ,0 ,0 ,841 ,347 ,494 ,0 ,174 ,174 ,174 ,0 ,0 ,0 ,0 ,0 ,0 ,0 ,0 ,735.271 ,735.271 ,735.271 ,0 ,0 ,0 ,0 ,0 ,0 ,0 ,0 ,0 ,0 ,0 ,0 ,0 
20.,ČRENŠOVCI,2.169.404 ,803.814 ,667.063 ,561.705 ,561.705 ,66.183 ,58.421 ,0 ,2.241 ,5.521 ,39.175 ,3.651 ,0 ,35.524 ,0 ,0 ,136.751 ,17.460 ,0 ,8.817 ,8.642 ,3.105 ,3.105 ,1.106 ,1.106 ,0 ,0 ,115.081 ,115.081 ,864 ,0 ,0 ,0 ,0 ,0 ,0 ,864 ,0 ,864 ,0 ,0 ,0 ,0 ,0 ,0 ,0 ,0 ,0 ,0 ,0 ,0 ,1.364.726 ,1.286.451 ,1.215.511 ,70.940 ,0 ,0 ,0 ,78.276 ,0 ,0 ,78.276 ,0 ,0 ,0 ,0 ,0 
21.,ČRNA NA KOROŠKEM,2.697.484 ,1.539.130 ,1.062.064 ,779.699 ,779.699 ,164.998 ,145.201 ,0 ,505 ,19.291 ,117.368 ,1.636 ,0 ,115.732 ,0 ,0 ,477.066 ,164.797 ,935 ,1.577 ,162.285 ,5.350 ,5.350 ,597 ,597 ,274.474 ,274.474 ,31.848 ,31.848 ,115.160 ,50.985 ,50.985 ,0 ,0 ,0 ,0 ,64.175 ,0 ,64.175 ,0 ,5.008 ,5.008 ,5.008 ,0 ,0 ,0 ,0 ,0 ,0 ,0 ,0 ,1.038.186 ,1.038.186 ,1.004.432 ,0 ,0 ,33.755 ,0 ,0 ,0 ,0 ,0 ,0 ,0 ,0 ,0 ,0 
22.,ČRNOMELJ,9.702.904 ,4.264.751 ,3.768.778 ,3.100.351 ,3.100.351 ,408.984 ,304.678 ,0 ,22.738 ,81.568 ,259.443 ,6.264 ,0 ,253.180 ,0 ,0 ,495.973 ,156.464 ,14.009 ,32.874 ,109.581 ,22.496 ,22.496 ,3.251 ,3.251 ,8.763 ,8.763 ,304.999 ,304.999 ,74.086 ,16.333 ,16.333 ,0 ,0 ,0 ,0 ,57.753 ,20.635 ,37.118 ,0 ,311.985 ,311.985 ,311.985 ,0 ,0 ,0 ,0 ,0 ,0 ,0 ,0 ,5.052.082 ,4.835.023 ,4.496.148 ,338.875 ,0 ,0 ,0 ,217.059 ,0 ,0 ,0 ,217.059 ,0 ,0 ,0 ,0 
23.,DESTRNIK,1.616.637 ,760.603 ,521.244 ,394.467 ,394.467 ,55.671 ,44.296 ,0 ,2.737 ,8.638 ,71.107 ,288 ,0 ,70.819 ,0 ,0 ,239.359 ,31.877 ,451 ,2.566 ,28.860 ,6.284 ,6.284 ,1.327 ,1.327 ,0 ,0 ,199.871 ,199.871 ,24.762 ,24.762 ,24.762 ,0 ,0 ,0 ,0 ,0 ,0 ,0 ,0 ,12.519 ,12.519 ,0 ,12.519 ,0 ,0 ,0 ,0 ,0 ,0 ,0 ,818.753 ,802.053 ,789.735 ,12.318 ,0 ,0 ,0 ,16.700 ,0 ,0 ,0 ,0 ,0 ,0 ,0 ,16.700 
24.,DIVAČA,3.015.214 ,2.163.107 ,1.456.172 ,1.157.440 ,1.157.440 ,195.122 ,115.431 ,0 ,21.562 ,58.129 ,103.610 ,1.740 ,0 ,101.869 ,0 ,0 ,706.935 ,611.317 ,6.577 ,21.599 ,583.141 ,3.434 ,3.434 ,0 ,0 ,981 ,981 ,91.203 ,91.203 ,274.470 ,24.203 ,24.203 ,0 ,0 ,0 ,0 ,250.267 ,1.002 ,249.266 ,0 ,0 ,0 ,0 ,0 ,0 ,0 ,0 ,0 ,0 ,0 ,0 ,577.637 ,577.637 ,564.789 ,0 ,0 ,0 ,12.848 ,0 ,0 ,0 ,0 ,0 ,0 ,0 ,0 ,0 
25.,DOBJE,503.038 ,189.326 ,156.360 ,136.680 ,136.680 ,17.935 ,15.628 ,0 ,417 ,1.890 ,1.744 ,0 ,0 ,1.744 ,0 ,0 ,32.966 ,50 ,0 ,50 ,0 ,634 ,634 ,0 ,0 ,20.435 ,20.435 ,11.847 ,11.847 ,0 ,0 ,0 ,0 ,0 ,0 ,0 ,0 ,0 ,0 ,0 ,42 ,42 ,0 ,42 ,0 ,0 ,0 ,0 ,0 ,0 ,0 ,313.671 ,313.671 ,313.671 ,0 ,0 ,0 ,0 ,0 ,0 ,0 ,0 ,0 ,0 ,0 ,0 ,0 
26.,DOBREPOLJE,2.237.552 ,1.275.017 ,1.027.817 ,746.253 ,746.253 ,151.456 ,118.444 ,117 ,3.605 ,29.290 ,130.108 ,459 ,0 ,129.649 ,0 ,0 ,247.200 ,84.443 ,0 ,29.448 ,54.995 ,10.407 ,10.407 ,2.366 ,2.366 ,1.753 ,1.753 ,148.231 ,148.231 ,33.179 ,0 ,0 ,0 ,0 ,0 ,0 ,33.179 ,0 ,33.179 ,0 ,0 ,0 ,0 ,0 ,0 ,0 ,0 ,0 ,0 ,0 ,0 ,929.357 ,929.357 ,929.357 ,0 ,0 ,0 ,0 ,0 ,0 ,0 ,0 ,0 ,0 ,0 ,0 ,0 
27.,DOBRNA,1.405.471 ,842.434 ,552.379 ,392.155 ,392.155 ,50.159 ,37.752 ,0 ,5.529 ,6.877 ,110.065 ,697 ,0 ,109.368 ,0 ,0 ,290.056 ,65.961 ,0 ,2.053 ,63.908 ,1.957 ,1.957 ,1.102 ,1.102 ,33.788 ,33.788 ,187.248 ,187.248 ,25.780 ,25.780 ,25.780 ,0 ,0 ,0 ,0 ,0 ,0 ,0 ,0 ,835 ,835 ,835 ,0 ,0 ,0 ,0 ,0 ,0 ,0 ,0 ,536.421 ,536.421 ,533.671 ,2.750 ,0 ,0 ,0 ,0 ,0 ,0 ,0 ,0 ,0 ,0 ,0 ,0 
28.,DOBROVA - POLHOV GRADEC,4.128.468 ,2.649.781 ,2.257.786 ,1.902.568 ,1.902.568 ,294.412 ,174.826 ,543 ,11.081 ,107.962 ,60.807 ,1.192 ,0 ,59.615 ,0 ,0 ,391.995 ,96.843 ,68.724 ,10.098 ,18.021 ,4.610 ,4.610 ,4.858 ,4.858 ,0 ,0 ,285.683 ,285.683 ,303.164 ,0 ,0 ,0 ,0 ,0 ,0 ,303.164 ,0 ,303.164 ,0 ,4.465 ,4.465 ,4.465 ,0 ,0 ,0 ,0 ,0 ,0 ,0 ,0 ,1.171.058 ,1.171.058 ,1.164.465 ,6.594 ,0 ,0 ,0 ,0 ,0 ,0 ,0 ,0 ,0 ,0 ,0 ,0 
29.,DOBROVNIK,2.403.385 ,425.668 ,256.014 ,204.728 ,204.728 ,30.646 ,19.342 ,0 ,133 ,11.171 ,20.640 ,191 ,0 ,20.450 ,0 ,0 ,169.653 ,17.714 ,10 ,3.103 ,14.601 ,2.856 ,2.856 ,576 ,576 ,508 ,508 ,148.000 ,148.000 ,910.305 ,40.945 ,40.945 ,0 ,0 ,0 ,0 ,869.360 ,0 ,0 ,869.360 ,3.130 ,3.130 ,3.130 ,0 ,0 ,0 ,0 ,0 ,0 ,0 ,0 ,1.064.283 ,1.064.283 ,1.028.680 ,0 ,0 ,35.603 ,0 ,0 ,0 ,0 ,0 ,0 ,0 ,0 ,0 ,0 
30.,DOL PRI LJUBLJANI,2.790.795 ,2.760.516 ,2.080.521 ,1.526.531 ,1.526.531 ,430.254 ,313.533 ,67 ,7.958 ,108.696 ,123.736 ,1.235 ,0 ,122.500 ,0 ,0 ,679.995 ,92.176 ,40.089 ,23.185 ,28.902 ,4.185 ,4.185 ,1.014 ,1.014 ,1.469 ,1.469 ,581.151 ,581.151 ,0 ,0 ,0 ,0 ,0 ,0 ,0 ,0 ,0 ,0 ,0 ,0 ,0 ,0 ,0 ,0 ,0 ,0 ,0 ,0 ,0 ,0 ,30.279 ,30.279 ,26.435 ,3.843 ,0 ,0 ,0 ,0 ,0 ,0 ,0 ,0 ,0 ,0 ,0 ,0 
31.,DOLENJSKE TOPLICE,1.976.999 ,1.275.709 ,1.160.933 ,869.083 ,869.083 ,136.054 ,97.054 ,0 ,9.969 ,29.031 ,155.796 ,4.732 ,0 ,151.064 ,0 ,0 ,114.776 ,40.653 ,100 ,9.548 ,31.005 ,3.117 ,3.117 ,4.127 ,4.127 ,8.325 ,8.325 ,58.555 ,58.555 ,22.684 ,280 ,0 ,0 ,0 ,280 ,4.252 ,18.152 ,0 ,18.152 ,0 ,3.455 ,3.455 ,3.455 ,0 ,0 ,0 ,0 ,0 ,0 ,0 ,0 ,675.150 ,675.150 ,555.483 ,119.667 ,0 ,0 ,0 ,0 ,0 ,0 ,0 ,0 ,0 ,0 ,0 ,0 
32.,DOMŽALE,18.087.368 ,16.363.688 ,14.340.082 ,10.632.078 ,10.632.078 ,2.637.758 ,1.735.519 ,82 ,106.103 ,796.054 ,1.070.246 ,31.586 ,0 ,1.038.661 ,0 ,0 ,2.023.606 ,888.129 ,234 ,176.020 ,711.875 ,50.112 ,50.112 ,59.982 ,59.982 ,29.778 ,29.778 ,995.605 ,995.605 ,518.065 ,321.961 ,321.961 ,0 ,0 ,0 ,0 ,196.104 ,0 ,196.104 ,0 ,0 ,0 ,0 ,0 ,0 ,0 ,0 ,0 ,0 ,0 ,0 ,1.205.614 ,1.205.614 ,1.205.614 ,0 ,0 ,0 ,0 ,0 ,0 ,0 ,0 ,0 ,0 ,0 ,0 ,0 
33.,DORNAVA,1.536.133 ,597.555 ,509.290 ,387.544 ,387.544 ,45.181 ,42.902 ,0 ,341 ,1.938 ,76.565 ,661 ,0 ,75.904 ,0 ,0 ,88.265 ,29.097 ,825 ,2.823 ,25.449 ,4.039 ,4.039 ,3.995 ,3.995 ,0 ,0 ,51.134 ,51.134 ,5.030 ,0 ,0 ,0 ,0 ,0 ,0 ,5.030 ,5.030 ,0 ,0 ,0 ,0 ,0 ,0 ,0 ,0 ,0 ,0 ,0 ,0 ,0 ,933.549 ,933.549 ,829.226 ,0 ,0 ,104.323 ,0 ,0 ,0 ,0 ,0 ,0 ,0 ,0 ,0 ,0 
34.,DRAVOGRAD,5.403.272 ,3.879.110 ,2.873.869 ,1.869.668 ,1.869.668 ,620.453 ,531.570 ,0 ,2.131 ,86.751 ,383.733 ,58.246 ,0 ,325.487 ,15 ,15 ,1.005.240 ,827.150 ,3.734 ,8.034 ,815.382 ,8.681 ,8.681 ,552 ,552 ,1.885 ,1.885 ,166.972 ,166.972 ,169.020 ,138.901 ,138.901 ,0 ,0 ,0 ,0 ,30.119 ,19.685 ,10.433 ,0 ,17.349 ,17.349 ,17.349 ,0 ,0 ,0 ,0 ,0 ,0 ,0 ,0 ,1.337.793 ,1.331.534 ,1.275.356 ,0 ,0 ,56.178 ,0 ,6.259 ,0 ,0 ,0 ,0 ,0 ,0 ,6.259 ,0 
35.,DUPLEK,3.377.679 ,1.898.640 ,1.513.086 ,1.131.489 ,1.131.489 ,217.835 ,166.592 ,0 ,2.754 ,48.489 ,163.762 ,1.231 ,0 ,162.531 ,0 ,0 ,385.553 ,86.851 ,13.737 ,5.855 ,67.259 ,8.442 ,8.442 ,4.236 ,4.236 ,2.195 ,2.195 ,283.830 ,283.830 ,164.931 ,0 ,0 ,0 ,0 ,0 ,0 ,164.931 ,0 ,164.931 ,0 ,0 ,0 ,0 ,0 ,0 ,0 ,0 ,0 ,0 ,0 ,0 ,1.314.109 ,1.314.109 ,1.314.109 ,0 ,0 ,0 ,0 ,0 ,0 ,0 ,0 ,0 ,0 ,0 ,0 ,0 
36.,GORENJA VAS - POLJANE,5.559.689 ,2.161.393 ,1.630.237 ,1.311.997 ,1.311.997 ,251.952 ,209.747 ,0 ,3.422 ,38.783 ,66.288 ,2.734 ,0 ,63.554 ,0 ,0 ,531.156 ,184.583 ,8.560 ,24.798 ,151.225 ,9.579 ,9.579 ,2.816 ,2.816 ,6.031 ,6.031 ,328.148 ,328.148 ,41.729 ,41.729 ,0 ,0 ,0 ,41.729 ,0 ,0 ,0 ,0 ,0 ,329.870 ,329.870 ,329.870 ,0 ,0 ,0 ,0 ,0 ,0 ,0 ,0 ,3.026.697 ,3.026.697 ,2.976.722 ,49.975 ,0 ,0 ,0 ,0 ,0 ,0 ,0 ,0 ,0 ,0 ,0 ,0 
37.,GORIŠNICA,3.456.559 ,2.086.164 ,1.419.367 ,888.121 ,888.121 ,345.146 ,316.181 ,0 ,3.114 ,25.851 ,186.100 ,17.327 ,0 ,168.774 ,0 ,0 ,666.796 ,344.247 ,1.612 ,5.085 ,337.550 ,11.050 ,11.050 ,2.599 ,2.599 ,0 ,0 ,308.900 ,308.900 ,41.729 ,0 ,0 ,0 ,0 ,0 ,0 ,41.729 ,0 ,41.729 ,0 ,0 ,0 ,0 ,0 ,0 ,0 ,0 ,0 ,0 ,0 ,0 ,1.328.666 ,1.328.666 ,1.258.454 ,26.397 ,0 ,43.816 ,0 ,0 ,0 ,0 ,0 ,0 ,0 ,0 ,0 ,0 
38.,GORNJA RADGONA,8.288.128 ,4.510.082 ,2.983.609 ,2.052.483 ,2.052.483 ,595.681 ,450.513 ,0 ,29.699 ,115.469 ,335.445 ,5.462 ,0 ,329.982 ,0 ,0 ,1.526.473 ,553.802 ,0 ,47.968 ,505.834 ,10.633 ,10.633 ,19.771 ,19.771 ,27.996 ,27.996 ,914.271 ,914.271 ,418.181 ,113.783 ,113.783 ,0 ,0 ,0 ,0 ,304.398 ,0 ,304.398 ,0 ,0 ,0 ,0 ,0 ,0 ,0 ,0 ,0 ,0 ,0 ,0 ,3.359.865 ,3.359.865 ,3.084.402 ,0 ,0 ,78.530 ,196.933 ,0 ,0 ,0 ,0 ,0 ,0 ,0 ,0 ,0 
39.,GORNJI GRAD,1.678.618 ,652.316 ,595.093 ,377.742 ,377.742 ,83.484 ,55.517 ,0 ,9.231 ,18.736 ,133.867 ,463 ,0 ,133.404 ,0 ,0 ,57.223 ,47.179 ,0 ,1.156 ,46.023 ,4.323 ,4.323 ,0 ,0 ,0 ,0 ,5.721 ,5.721 ,71.190 ,50.000 ,50.000 ,0 ,0 ,0 ,0 ,21.190 ,0 ,21.190 ,0 ,0 ,0 ,0 ,0 ,0 ,0 ,0 ,0 ,0 ,0 ,0 ,955.112 ,955.112 ,955.112 ,0 ,0 ,0 ,0 ,0 ,0 ,0 ,0 ,0 ,0 ,0 ,0 ,0 
40.,GORNJI PETROVCI,1.584.168 ,377.850 ,323.514 ,256.055 ,256.055 ,57.407 ,50.455 ,0 ,2.854 ,4.098 ,10.053 ,300 ,0 ,9.752 ,0 ,0 ,54.336 ,3.860 ,0 ,701 ,3.159 ,1.995 ,1.995 ,38 ,38 ,0 ,0 ,48.444 ,48.444 ,1.202 ,0 ,0 ,0 ,0 ,0 ,0 ,1.202 ,1.064 ,138 ,0 ,0 ,0 ,0 ,0 ,0 ,0 ,0 ,0 ,0 ,0 ,0 ,1.205.116 ,1.114.451 ,1.114.451 ,0 ,0 ,0 ,0 ,90.665 ,0 ,0 ,0 ,0 ,0 ,0 ,90.665 ,0 
41.,GRAD,1.450.253 ,450.098 ,257.730 ,185.698 ,185.698 ,63.362 ,60.146 ,0 ,746 ,2.470 ,8.670 ,1.274 ,0 ,7.396 ,0 ,0 ,192.368 ,19.144 ,879 ,2.214 ,16.051 ,6.360 ,6.360 ,0 ,0 ,20.307 ,20.307 ,146.557 ,146.557 ,25.548 ,25.548 ,25.548 ,0 ,0 ,0 ,0 ,0 ,0 ,0 ,0 ,1.538 ,1.538 ,1.538 ,0 ,0 ,0 ,0 ,0 ,0 ,0 ,0 ,973.069 ,973.069 ,889.038 ,39.459 ,0 ,44.572 ,0 ,0 ,0 ,0 ,0 ,0 ,0 ,0 ,0 ,0 
42.,GROSUPLJE,10.304.127 ,9.120.869 ,7.531.610 ,5.365.632 ,5.365.632 ,1.113.441 ,697.004 ,417 ,22.083 ,393.937 ,1.052.537 ,5.771 ,0 ,1.046.766 ,0 ,0 ,1.589.259 ,268.949 ,0 ,82.561 ,186.388 ,41.925 ,41.925 ,3.326 ,3.326 ,33.033 ,33.033 ,1.242.026 ,1.242.026 ,306.234 ,94.296 ,93.261 ,981 ,54 ,0 ,0 ,211.939 ,5.917 ,206.022 ,0 ,0 ,0 ,0 ,0 ,0 ,0 ,0 ,0 ,0 ,0 ,0 ,877.024 ,877.024 ,874.917 ,2.107 ,0 ,0 ,0 ,0 ,0 ,0 ,0 ,0 ,0 ,0 ,0 ,0 
43.,HAJDINA,1.888.378 ,1.596.278 ,1.347.534 ,777.395 ,777.395 ,438.633 ,412.164 ,8 ,517 ,25.943 ,131.506 ,6.147 ,0 ,125.359 ,0 ,0 ,248.744 ,192.597 ,2.529 ,2.003 ,188.065 ,6.464 ,6.464 ,1.744 ,1.744 ,463 ,463 ,47.475 ,47.475 ,48.252 ,37.202 ,37.202 ,0 ,0 ,0 ,0 ,11.050 ,11.050 ,0 ,0 ,0 ,0 ,0 ,0 ,0 ,0 ,0 ,0 ,0 ,0 ,0 ,243.849 ,243.849 ,243.019 ,830 ,0 ,0 ,0 ,0 ,0 ,0 ,0 ,0 ,0 ,0 ,0 ,0 
44.,HOČE - SLIVNICA,5.901.344 ,4.138.403 ,3.326.160 ,2.442.334 ,2.442.334 ,507.177 ,360.207 ,146 ,10.061 ,136.763 ,376.648 ,6.894 ,0 ,369.755 ,0 ,0 ,812.243 ,146.670 ,37.268 ,3.802 ,105.600 ,8.876 ,8.876 ,10.603 ,10.603 ,119.508 ,119.508 ,526.586 ,526.586 ,581.526 ,0 ,0 ,0 ,0 ,0 ,0 ,581.526 ,0 ,581.526 ,0 ,0 ,0 ,0 ,0 ,0 ,0 ,0 ,0 ,0 ,0 ,0 ,1.181.414 ,1.181.414 ,1.181.414 ,0 ,0 ,0 ,0 ,0 ,0 ,0 ,0 ,0 ,0 ,0 ,0 ,0 
45.,HODOŠ,389.597 ,87.072 ,33.788 ,23.648 ,23.648 ,1.531 ,367 ,0 ,125 ,1.039 ,8.609 ,33 ,0 ,8.575 ,0 ,0 ,53.284 ,1.139 ,0 ,517 ,622 ,722 ,722 ,0 ,0 ,0 ,0 ,51.423 ,51.423 ,417 ,417 ,417 ,0 ,0 ,0 ,0 ,0 ,0 ,0 ,0 ,225 ,225 ,0 ,225 ,0 ,0 ,0 ,0 ,0 ,0 ,0 ,301.882 ,301.882 ,286.955 ,0 ,0 ,14.927 ,0 ,0 ,0 ,0 ,0 ,0 ,0 ,0 ,0 ,0 
46.,HORJUL,2.515.893 ,1.053.248 ,814.555 ,697.233 ,697.233 ,76.118 ,49.640 ,0 ,6.784 ,19.695 ,41.204 ,657 ,0 ,40.548 ,0 ,0 ,238.693 ,176.971 ,27.362 ,46.013 ,103.595 ,1.708 ,1.708 ,763 ,763 ,0 ,0 ,59.251 ,59.251 ,166.329 ,0 ,0 ,0 ,0 ,0 ,0 ,166.329 ,0 ,166.329 ,0 ,835 ,835 ,835 ,0 ,0 ,0 ,0 ,0 ,0 ,0 ,0 ,1.295.482 ,1.295.482 ,375.038 ,836.986 ,0 ,83.459 ,0 ,0 ,0 ,0 ,0 ,0 ,0 ,0 ,0 ,0 
47.,HRASTNIK,9.296.804 ,5.636.501 ,3.748.928 ,2.385.816 ,2.385.816 ,801.239 ,728.860 ,96 ,13.575 ,58.709 ,561.872 ,61.196 ,0 ,500.676 ,0 ,0 ,1.887.573 ,1.698.706 ,455 ,40.060 ,1.658.191 ,13.458 ,13.458 ,434 ,434 ,1.327 ,1.327 ,173.648 ,173.648 ,179.035 ,0 ,0 ,0 ,0 ,0 ,0 ,179.035 ,0 ,179.035 ,0 ,47.989 ,47.989 ,47.989 ,0 ,0 ,0 ,0 ,0 ,0 ,0 ,0 ,3.433.279 ,2.046.666 ,1.971.536 ,75.129 ,0 ,0 ,0 ,1.386.613 ,0 ,0 ,1.386.613 ,0 ,0 ,0 ,0 ,0 
48.,HRPELJE - KOZINA,4.516.846 ,2.253.722 ,1.492.998 ,1.021.912 ,1.021.912 ,329.440 ,200.747 ,284 ,9.919 ,118.490 ,141.646 ,3.151 ,0 ,138.495 ,0 ,0 ,760.724 ,622.112 ,7.002 ,34.226 ,580.884 ,4.853 ,4.853 ,0 ,0 ,0 ,0 ,133.759 ,133.759 ,1.600.063 ,121.299 ,121.299 ,0 ,0 ,0 ,0 ,1.478.764 ,0 ,1.478.764 ,0 ,0 ,0 ,0 ,0 ,0 ,0 ,0 ,0 ,0 ,0 ,0 ,663.061 ,663.061 ,650.542 ,12.519 ,0 ,0 ,0 ,0 ,0 ,0 ,0 ,0 ,0 ,0 ,0 ,0 
49.,IDRIJA,8.112.711 ,6.150.017 ,5.152.149 ,4.018.461 ,4.018.461 ,761.818 ,644.529 ,0 ,14.998 ,102.291 ,371.870 ,5.308 ,0 ,366.562 ,0 ,0 ,997.868 ,943.920 ,601 ,22.150 ,921.169 ,11.058 ,11.058 ,9.698 ,9.698 ,7.177 ,7.177 ,26.014 ,26.014 ,203.593 ,155.008 ,155.008 ,0 ,0 ,0 ,0 ,48.585 ,1.473 ,47.112 ,0 ,52.170 ,16.383 ,16.383 ,0 ,35.787 ,0 ,35.787 ,0 ,0 ,0 ,0 ,1.706.931 ,1.672.805 ,1.649.458 ,23.348 ,0 ,0 ,0 ,34.126 ,34.126 ,0 ,0 ,0 ,0 ,0 ,0 ,0 
50.,IG,3.730.712 ,2.939.306 ,2.297.579 ,1.779.126 ,1.779.126 ,337.808 ,190.882 ,0 ,12.993 ,133.932 ,180.645 ,1.385 ,0 ,179.260 ,0 ,0 ,641.727 ,171.297 ,58.224 ,63.362 ,49.711 ,7.041 ,7.041 ,9.436 ,9.436 ,54.093 ,54.093 ,399.860 ,399.860 ,472.427 ,0 ,0 ,0 ,0 ,0 ,0 ,472.427 ,0 ,472.427 ,0 ,13.424 ,13.424 ,13.424 ,0 ,0 ,0 ,0 ,0 ,0 ,0 ,0 ,305.555 ,305.555 ,299.969 ,5.586 ,0 ,0 ,0 ,0 ,0 ,0 ,0 ,0 ,0 ,0 ,0 ,0 
51.,ILIRSKA BISTRICA,7.902.291 ,4.660.357 ,4.136.688 ,3.222.605 ,3.222.605 ,536.738 ,393.248 ,17 ,54.327 ,89.146 ,377.345 ,11.167 ,0 ,366.178 ,0 ,0 ,523.669 ,358.559 ,0 ,35.766 ,322.793 ,16.283 ,16.283 ,5.266 ,5.266 ,1.198 ,1.198 ,142.364 ,142.364 ,49.937 ,41.479 ,41.479 ,0 ,0 ,0 ,0 ,8.459 ,5.124 ,3.334 ,0 ,2.086 ,2.086 ,2.086 ,0 ,0 ,0 ,0 ,0 ,0 ,0 ,0 ,3.189.910 ,3.029.365 ,3.028.747 ,618 ,0 ,0 ,0 ,160.545 ,160.545 ,0 ,0 ,0 ,0 ,0 ,0 ,0 
52.,IVANČNA GORICA,7.630.938 ,5.043.081 ,4.314.710 ,3.508.079 ,3.508.079 ,395.318 ,123.531 ,296 ,33.091 ,238.399 ,411.313 ,4.478 ,0 ,406.835 ,0 ,0 ,728.372 ,182.545 ,0 ,120.347 ,62.197 ,23.773 ,23.773 ,1.110 ,1.110 ,21.666 ,21.666 ,499.278 ,499.278 ,368.115 ,333.584 ,333.584 ,0 ,0 ,0 ,0 ,34.531 ,2.992 ,31.539 ,0 ,0 ,0 ,0 ,0 ,0 ,0 ,0 ,0 ,0 ,0 ,0 ,2.219.742 ,2.219.742 ,2.219.742 ,0 ,0 ,0 ,0 ,0 ,0 ,0 ,0 ,0 ,0 ,0 ,0 ,0 
53.,IZOLA,15.048.306 ,12.538.320 ,7.169.212 ,4.654.561 ,4.654.561 ,1.309.164 ,730.016 ,2.074 ,54.999 ,522.075 ,1.205.487 ,49.266 ,0 ,1.156.222 ,0 ,0 ,5.369.108 ,993.211 ,1.335 ,171.027 ,820.848 ,37.139 ,37.139 ,136.893 ,136.893 ,174.866 ,174.866 ,4.026.999 ,4.026.999 ,1.867.831 ,725.426 ,725.426 ,0 ,0 ,0 ,0 ,1.142.405 ,0 ,1.142.405 ,0 ,2.086 ,2.086 ,2.086 ,0 ,0 ,0 ,0 ,0 ,0 ,0 ,0 ,640.068 ,640.068 ,571.820 ,12.519 ,0 ,55.729 ,0 ,0 ,0 ,0 ,0 ,0 ,0 ,0 ,0 ,0 
54.,JESENICE,13.774.883 ,8.871.128 ,7.030.187 ,4.880.629 ,4.880.629 ,1.746.779 ,1.433.050 ,8 ,37.460 ,276.260 ,402.779 ,23.610 ,0 ,379.169 ,0 ,0 ,1.840.941 ,1.429.532 ,27.011 ,109.193 ,1.293.327 ,29.361 ,29.361 ,8.400 ,8.400 ,27.675 ,27.675 ,345.973 ,345.973 ,1.644.525 ,85.303 ,84.631 ,0 ,672 ,0 ,0 ,1.559.222 ,0 ,1.559.222 ,0 ,8.471 ,8.471 ,8.471 ,0 ,0 ,0 ,0 ,0 ,0 ,0 ,0 ,3.250.759 ,3.250.759 ,3.218.549 ,31.034 ,0 ,1.177 ,0 ,0 ,0 ,0 ,0 ,0 ,0 ,0 ,0 ,0 
55.,JEZERSKO,532.666 ,264.822 ,227.383 ,179.932 ,179.932 ,26.773 ,26.773 ,0 ,0 ,0 ,20.677 ,0 ,0 ,20.677 ,0 ,0 ,37.439 ,29.511 ,7.770 ,1.519 ,20.222 ,618 ,618 ,0 ,0 ,0 ,0 ,7.311 ,7.311 ,0 ,0 ,0 ,0 ,0 ,0 ,0 ,0 ,0 ,0 ,0 ,0 ,0 ,0 ,0 ,0 ,0 ,0 ,0 ,0 ,0 ,0 ,267.843 ,264.376 ,264.376 ,0 ,0 ,0 ,0 ,3.468 ,3.468 ,0 ,0 ,0 ,0 ,0 ,0 ,0 
56.,JURŠINCI,1.141.112 ,344.546 ,292.021 ,195.502 ,195.502 ,41.391 ,33.905 ,0 ,3.184 ,4.302 ,55.129 ,121 ,0 ,55.008 ,0 ,0 ,52.525 ,11.083 ,480 ,647 ,9.957 ,4.323 ,4.323 ,2.078 ,2.078 ,1.114 ,1.114 ,33.926 ,33.926 ,0 ,0 ,0 ,0 ,0 ,0 ,0 ,0 ,0 ,0 ,0 ,1.907 ,1.907 ,1.803 ,104 ,0 ,0 ,0 ,0 ,0 ,0 ,0 ,794.659 ,794.659 ,782.808 ,11.851 ,0 ,0 ,0 ,0 ,0 ,0 ,0 ,0 ,0 ,0 ,0 ,0 
57.,KAMNIK,15.933.655 ,12.290.515 ,9.909.523 ,7.511.000 ,7.511.000 ,1.880.888 ,1.218.720 ,192 ,72.976 ,589.000 ,517.635 ,32.904 ,0 ,484.731 ,0 ,0 ,2.380.992 ,603.751 ,0 ,104.373 ,499.378 ,40.148 ,40.148 ,39.618 ,39.618 ,89.484 ,89.484 ,1.607.991 ,1.607.991 ,785.658 ,245.577 ,240.632 ,4.173 ,772 ,0 ,0 ,540.081 ,5.287 ,534.794 ,0 ,26.285 ,26.285 ,8.930 ,17.355 ,0 ,0 ,0 ,0 ,0 ,0 ,0 ,2.831.197 ,2.831.197 ,2.686.334 ,141.429 ,0 ,3.434 ,0 ,0 ,0 ,0 ,0 ,0 ,0 ,0 ,0 ,0 
58.,KANAL,4.558.123 ,3.890.479 ,2.108.198 ,1.456.749 ,1.456.749 ,470.346 ,407.899 ,0 ,36.110 ,26.337 ,181.103 ,1.253 ,0 ,179.851 ,0 ,0 ,1.782.280 ,1.231.047 ,8.203 ,18.561 ,1.204.283 ,5.566 ,5.566 ,1.399 ,1.399 ,108.779 ,108.779 ,435.489 ,435.489 ,107.965 ,74.402 ,74.402 ,0 ,0 ,0 ,0 ,33.563 ,32.172 ,1.391 ,0 ,9.786 ,9.786 ,9.244 ,542 ,0 ,0 ,0 ,0 ,0 ,0 ,0 ,549.893 ,441.494 ,437.019 ,0 ,0 ,4.475 ,0 ,108.399 ,108.399 ,0 ,0 ,0 ,0 ,0 ,0 ,0 
59.,KIDRIČEVO,4.167.122 ,2.308.905 ,2.103.676 ,1.302.191 ,1.302.191 ,571.758 ,524.770 ,0 ,6.113 ,40.874 ,229.728 ,4.757 ,0 ,224.971 ,0 ,0 ,205.229 ,94.755 ,8.997 ,10.666 ,75.092 ,12.907 ,12.907 ,5.842 ,5.842 ,714 ,714 ,91.012 ,91.012 ,397.183 ,286.342 ,286.342 ,0 ,0 ,0 ,0 ,110.841 ,50.522 ,60.320 ,0 ,0 ,0 ,0 ,0 ,0 ,0 ,0 ,0 ,0 ,0 ,0 ,1.461.033 ,1.461.033 ,1.427.341 ,33.692 ,0 ,0 ,0 ,0 ,0 ,0 ,0 ,0 ,0 ,0 ,0 ,0 
60.,KOBARID,3.411.413 ,1.704.336 ,1.297.388 ,979.816 ,979.816 ,143.206 ,97.246 ,0 ,23.485 ,22.475 ,174.366 ,426 ,0 ,173.940 ,0 ,0 ,406.948 ,375.004 ,234 ,601 ,374.170 ,5.446 ,5.446 ,680 ,680 ,0 ,0 ,25.818 ,25.818 ,125.855 ,8.513 ,8.513 ,0 ,0 ,0 ,0 ,117.343 ,0 ,117.343 ,0 ,0 ,0 ,0 ,0 ,0 ,0 ,0 ,0 ,0 ,0 ,0 ,1.581.222 ,1.581.222 ,1.581.222 ,0 ,0 ,0 ,0 ,0 ,0 ,0 ,0 ,0 ,0 ,0 ,0 ,0 
61.,KOBILJE,380.322 ,144.548 ,86.663 ,73.811 ,73.811 ,8.277 ,3.938 ,0 ,585 ,3.754 ,4.575 ,0 ,0 ,4.575 ,0 ,0 ,57.885 ,11.311 ,0 ,86 ,11.225 ,734 ,734 ,0 ,0 ,0 ,0 ,45.840 ,45.840 ,83 ,0 ,0 ,0 ,0 ,0 ,0 ,83 ,83 ,0 ,0 ,11.628 ,11.628 ,1.603 ,10.025 ,0 ,0 ,0 ,0 ,0 ,0 ,0 ,224.061 ,224.061 ,200.475 ,0 ,0 ,23.586 ,0 ,0 ,0 ,0 ,0 ,0 ,0 ,0 ,0 ,0 
62.,KOČEVJE,10.161.880 ,6.061.972 ,4.675.847 ,3.617.076 ,3.617.076 ,502.387 ,362.919 ,209 ,18.119 ,121.140 ,556.385 ,10.946 ,0 ,545.439 ,0 ,0 ,1.386.125 ,765.674 ,159 ,51.452 ,714.063 ,19.116 ,19.116 ,63 ,63 ,57.787 ,57.787 ,543.486 ,543.486 ,459.235 ,184.485 ,184.485 ,0 ,0 ,0 ,0 ,274.750 ,0 ,274.750 ,0 ,3.096 ,3.096 ,3.096 ,0 ,0 ,0 ,0 ,0 ,0 ,0 ,0 ,3.637.577 ,3.637.577 ,3.627.191 ,46 ,0 ,10.341 ,0 ,0 ,0 ,0 ,0 ,0 ,0 ,0 ,0 ,0 
63.,KOMEN,2.906.764 ,1.964.818 ,1.410.140 ,1.077.854 ,1.077.854 ,239.054 ,78.497 ,0 ,5.191 ,155.366 ,93.232 ,417 ,0 ,92.814 ,0 ,0 ,554.678 ,512.431 ,2.450 ,8.459 ,501.523 ,7.970 ,7.970 ,718 ,718 ,32.941 ,32.941 ,618 ,618 ,153.105 ,141.258 ,141.258 ,0 ,0 ,0 ,0 ,11.847 ,0 ,11.847 ,0 ,13.650 ,2.817 ,2.817 ,0 ,10.833 ,10.833 ,0 ,0 ,0 ,0 ,0 ,775.192 ,775.092 ,551.461 ,223.631 ,0 ,0 ,0 ,100 ,0 ,0 ,0 ,0 ,0 ,0 ,0 ,100 
64.,KOMENDA,8.378.117 ,2.449.019 ,2.044.133 ,1.370.819 ,1.370.819 ,501.744 ,187.999 ,313 ,10.653 ,302.779 ,171.570 ,4.206 ,0 ,167.364 ,0 ,0 ,404.887 ,108.363 ,0 ,54.532 ,53.831 ,10.194 ,10.194 ,2.729 ,2.729 ,163.796 ,163.796 ,119.805 ,119.805 ,4.510.532 ,0 ,0 ,0 ,0 ,0 ,0 ,4.510.532 ,0 ,4.510.532 ,0 ,0 ,0 ,0 ,0 ,0 ,0 ,0 ,0 ,0 ,0 ,0 ,1.418.565 ,324.528 ,324.195 ,0 ,0 ,334 ,0 ,1.094.037 ,0 ,0 ,1.094.037 ,0 ,0 ,0 ,0 ,0 
65.,MESTNA OBČINA KOPER,49.353.977 ,37.382.182 ,28.394.266 ,16.279.720 ,16.279.720 ,10.245.414 ,8.448.393 ,0 ,128.718 ,1.668.302 ,1.869.133 ,60.249 ,0 ,1.808.884 ,0 ,0 ,8.987.915 ,2.931.739 ,949.808 ,529.686 ,1.452.245 ,127.182 ,127.182 ,98.035 ,98.035 ,401 ,401 ,5.830.558 ,5.830.558 ,10.484.068 ,503.484 ,495.994 ,7.490 ,0 ,0 ,0 ,9.980.583 ,0 ,9.878.989 ,101.594 ,115.970 ,1.252 ,1.252 ,0 ,114.718 ,114.718 ,0 ,0 ,0 ,0 ,0 ,1.371.758 ,1.371.758 ,1.364.038 ,7.720 ,0 ,0 ,0 ,0 ,0 ,0 ,0 ,0 ,0 ,0 ,0 ,0 
66.,KOSTEL,1.068.962 ,303.789 ,177.358 ,137.828 ,137.828 ,20.093 ,9.510 ,0 ,743 ,9.840 ,19.437 ,0 ,0 ,19.437 ,0 ,0 ,126.431 ,15.419 ,0 ,63 ,15.356 ,906 ,906 ,0 ,0 ,204 ,204 ,109.902 ,109.902 ,450.300 ,0 ,0 ,0 ,0 ,0 ,0 ,450.300 ,63.600 ,386.701 ,0 ,0 ,0 ,0 ,0 ,0 ,0 ,0 ,0 ,0 ,0 ,0 ,314.872 ,314.872 ,314.872 ,0 ,0 ,0 ,0 ,0 ,0 ,0 ,0 ,0 ,0 ,0 ,0 ,0 
67.,KOZJE,2.252.758 ,800.705 ,647.672 ,453.868 ,453.868 ,81.781 ,69.179 ,0 ,947 ,11.655 ,112.022 ,1.961 ,0 ,110.061 ,0 ,0 ,153.034 ,67.126 ,0 ,2.057 ,65.068 ,5.809 ,5.809 ,3.856 ,3.856 ,0 ,0 ,76.244 ,76.244 ,16.229 ,0 ,0 ,0 ,0 ,0 ,0 ,16.229 ,1.394 ,14.835 ,0 ,0 ,0 ,0 ,0 ,0 ,0 ,0 ,0 ,0 ,0 ,0 ,1.435.825 ,1.435.825 ,1.421.887 ,13.938 ,0 ,0 ,0 ,0 ,0 ,0 ,0 ,0 ,0 ,0 ,0 ,0 
68.,MESTNA OBČINA KRANJ,34.087.815 ,29.889.605 ,24.767.806 ,17.881.205 ,17.881.205 ,5.568.787 ,4.198.314 ,1.085 ,123.076 ,1.246.311 ,1.317.814 ,27.045 ,0 ,1.290.769 ,0 ,0 ,5.121.799 ,2.261.584 ,57.620 ,270.539 ,1.933.425 ,82.566 ,82.566 ,190.573 ,190.573 ,158.283 ,158.283 ,2.428.793 ,2.428.793 ,2.811.488 ,2.362.986 ,2.361.772 ,0 ,92 ,1.123 ,0 ,448.502 ,0 ,448.502 ,0 ,0 ,0 ,0 ,0 ,0 ,0 ,0 ,0 ,0 ,0 ,0 ,1.386.722 ,1.386.722 ,1.293.127 ,93.595 ,0 ,0 ,0 ,0 ,0 ,0 ,0 ,0 ,0 ,0 ,0 ,0 
69.,KRANJSKA GORA,6.056.573 ,5.632.314 ,3.115.204 ,1.688.007 ,1.688.007 ,869.988 ,590.250 ,51 ,6.236 ,273.452 ,557.210 ,5.695 ,0 ,551.515 ,0 ,0 ,2.517.110 ,1.824.078 ,23.072 ,33.373 ,1.767.633 ,17.878 ,17.878 ,5.436 ,5.436 ,276.720 ,276.720 ,392.999 ,392.999 ,117.650 ,49.572 ,49.572 ,0 ,0 ,0 ,0 ,68.078 ,0 ,68.078 ,0 ,417 ,417 ,417 ,0 ,0 ,0 ,0 ,0 ,0 ,0 ,0 ,306.192 ,306.192 ,306.192 ,0 ,0 ,0 ,0 ,0 ,0 ,0 ,0 ,0 ,0 ,0 ,0 ,0 
70.,KRIŽEVCI,1.981.581 ,1.183.307 ,981.979 ,625.145 ,625.145 ,66.514 ,24.352 ,0 ,2.514 ,39.648 ,290.320 ,420 ,0 ,289.899 ,0 ,0 ,201.329 ,55.909 ,0 ,15.451 ,40.458 ,7.192 ,7.192 ,776 ,776 ,4.940 ,4.940 ,132.513 ,132.513 ,3.956 ,3.881 ,964 ,0 ,2.917 ,0 ,0 ,75 ,0 ,75 ,0 ,0 ,0 ,0 ,0 ,0 ,0 ,0 ,0 ,0 ,0 ,0 ,794.318 ,794.318 ,764.351 ,29.967 ,0 ,0 ,0 ,0 ,0 ,0 ,0 ,0 ,0 ,0 ,0 ,0 
71.,KRŠKO,23.380.600 ,16.679.077 ,9.866.287 ,6.472.325 ,6.472.325 ,2.257.123 ,1.936.146 ,21 ,49.887 ,271.069 ,1.136.834 ,27.504 ,0 ,1.109.331 ,4 ,4 ,6.812.790 ,703.647 ,22.580 ,11.375 ,669.692 ,50.772 ,50.772 ,10.153 ,10.153 ,30.421 ,30.421 ,6.017.798 ,6.017.798 ,1.246.603 ,640.214 ,633.517 ,6.698 ,0 ,0 ,0 ,606.389 ,41.062 ,565.327 ,0 ,939 ,939 ,939 ,0 ,0 ,0 ,0 ,0 ,0 ,0 ,0 ,5.453.981 ,5.292.510 ,4.807.837 ,3.522 ,0 ,481.151 ,0 ,161.471 ,0 ,0 ,0 ,161.471 ,0 ,0 ,0 ,0 
72.,KUNGOTA,2.431.330 ,1.272.413 ,1.118.770 ,877.737 ,877.737 ,104.423 ,57.323 ,154 ,1.160 ,45.785 ,136.609 ,718 ,0 ,135.891 ,0 ,0 ,153.643 ,60.203 ,2.258 ,2.383 ,55.563 ,10.220 ,10.220 ,5.383 ,5.383 ,0 ,0 ,77.838 ,77.838 ,206.906 ,32.136 ,32.136 ,0 ,0 ,0 ,0 ,174.770 ,0 ,174.770 ,0 ,45.798 ,45.798 ,42.889 ,2.909 ,0 ,0 ,0 ,0 ,0 ,0 ,0 ,906.213 ,906.213 ,887.535 ,0 ,0 ,18.678 ,0 ,0 ,0 ,0 ,0 ,0 ,0 ,0 ,0 ,0 
73.,KUZMA,3.397.853 ,680.858 ,172.157 ,120.531 ,120.531 ,44.160 ,37.516 ,0 ,1.996 ,4.647 ,7.467 ,417 ,0 ,7.050 ,0 ,0 ,508.701 ,346.705 ,703 ,3.610 ,342.391 ,9.402 ,9.402 ,318 ,318 ,0 ,0 ,152.276 ,152.276 ,942.428 ,917.652 ,917.652 ,0 ,0 ,0 ,0 ,24.776 ,5.903 ,18.873 ,0 ,2.328 ,2.328 ,2.328 ,0 ,0 ,0 ,0 ,0 ,0 ,0 ,0 ,1.772.238 ,820.827 ,680.279 ,0 ,0 ,140.548 ,0 ,951.410 ,197.513 ,0 ,0 ,753.898 ,0 ,0 ,0 ,0 
74.,LAŠKO,8.391.779 ,5.304.761 ,4.683.951 ,3.204.728 ,3.204.728 ,713.666 ,611.722 ,117 ,14.872 ,86.955 ,765.557 ,2.929 ,0 ,762.627 ,0 ,0 ,620.810 ,140.406 ,497 ,15.494 ,124.416 ,10.240 ,10.240 ,12.235 ,12.235 ,57.257 ,57.257 ,400.672 ,400.672 ,144.346 ,20.773 ,20.773 ,0 ,0 ,0 ,0 ,123.573 ,0 ,123.573 ,0 ,0 ,0 ,0 ,0 ,0 ,0 ,0 ,0 ,0 ,0 ,0 ,2.942.672 ,2.942.672 ,2.942.672 ,0 ,0 ,0 ,0 ,0 ,0 ,0 ,0 ,0 ,0 ,0 ,0 ,0 
75.,LENART,7.869.346 ,4.103.017 ,3.268.732 ,2.273.364 ,2.273.364 ,575.388 ,468.085 ,0 ,4.682 ,102.621 ,419.980 ,3.939 ,0 ,416.041 ,0 ,0 ,834.285 ,177.450 ,14.075 ,1.452 ,161.922 ,9.222 ,9.222 ,4.202 ,4.202 ,0 ,0 ,643.411 ,643.411 ,783.797 ,120.568 ,120.568 ,0 ,0 ,0 ,0 ,663.228 ,0 ,663.228 ,0 ,0 ,0 ,0 ,0 ,0 ,0 ,0 ,0 ,0 ,0 ,0 ,2.982.532 ,2.982.532 ,2.854.415 ,0 ,0 ,128.117 ,0 ,0 ,0 ,0 ,0 ,0 ,0 ,0 ,0 ,0 
76.,LENDAVA,8.092.683 ,4.736.671 ,4.005.826 ,2.391.006 ,2.391.006 ,153.770 ,40.631 ,0 ,17.730 ,95.409 ,1.461.050 ,3.910 ,0 ,1.457.140 ,0 ,0 ,730.845 ,257.845 ,409 ,163.149 ,94.288 ,12.713 ,12.713 ,15.979 ,15.979 ,21.252 ,21.252 ,423.055 ,423.055 ,352.568 ,0 ,0 ,0 ,0 ,0 ,668 ,351.900 ,0 ,351.900 ,0 ,50.075 ,50.075 ,50.075 ,0 ,0 ,0 ,0 ,0 ,0 ,0 ,0 ,2.953.370 ,2.420.340 ,2.417.245 ,3.096 ,0 ,0 ,0 ,533.029 ,533.029 ,0 ,0 ,0 ,0 ,0 ,0 ,0 
77.,LITIJA,8.404.039 ,5.039.918 ,4.690.340 ,3.470.593 ,3.470.593 ,889.576 ,657.094 ,142 ,23.189 ,209.151 ,330.170 ,8.433 ,0 ,321.737 ,0 ,0 ,349.579 ,113.320 ,8 ,77.333 ,35.979 ,21.591 ,21.591 ,5.617 ,5.617 ,2.650 ,2.650 ,206.401 ,206.401 ,116.441 ,79.231 ,77.675 ,1.390 ,167 ,0 ,0 ,37.210 ,2.249 ,34.961 ,0 ,179.131 ,179.131 ,179.131 ,0 ,0 ,0 ,0 ,0 ,0 ,0 ,0 ,3.068.549 ,3.068.549 ,3.029.795 ,27.900 ,0 ,10.854 ,0 ,0 ,0 ,0 ,0 ,0 ,0 ,0 ,0 ,0 
78.,MESTNA OBČINA LJUBLJANA,219.566.696 ,205.729.357 ,182.507.661 ,125.573.398 ,125.573.398 ,41.540.636 ,28.821.995 ,11.563 ,1.458.212 ,11.248.865 ,15.393.628 ,777.270 ,0 ,14.616.358 ,0 ,0 ,23.221.695 ,10.639.993 ,3.340.298 ,547.396 ,6.752.299 ,1.120.080 ,1.120.080 ,1.747.087 ,1.747.087 ,644.621 ,644.621 ,9.069.913 ,9.069.913 ,7.050.534 ,3.844.546 ,3.830.412 ,14.134 ,0 ,0 ,0 ,3.205.988 ,0 ,3.205.988 ,0 ,235.207 ,39.059 ,35.278 ,3.781 ,196.148 ,196.148 ,0 ,0 ,0 ,0 ,0 ,6.551.598 ,6.551.598 ,6.314.034 ,237.565 ,0 ,0 ,0 ,0 ,0 ,0 ,0 ,0 ,0 ,0 ,0 ,0 
79.,LJUBNO,1.782.753 ,596.941 ,537.778 ,406.577 ,406.577 ,66.596 ,37.076 ,0 ,10.286 ,19.233 ,64.605 ,238 ,0 ,64.367 ,0 ,0 ,59.164 ,42.935 ,138 ,5.033 ,37.765 ,5.550 ,5.550 ,1.473 ,1.473 ,4.348 ,4.348 ,4.857 ,4.857 ,1.982 ,1.982 ,1.982 ,0 ,0 ,0 ,0 ,0 ,0 ,0 ,0 ,21.123 ,21.123 ,0 ,21.123 ,0 ,0 ,0 ,0 ,0 ,0 ,0 ,1.162.707 ,1.162.707 ,1.149.094 ,13.612 ,0 ,0 ,0 ,0 ,0 ,0 ,0 ,0 ,0 ,0 ,0 ,0 
80.,LJUTOMER,8.329.628 ,3.976.543 ,3.121.891 ,2.135.527 ,2.135.527 ,547.912 ,465.338 ,0 ,13.238 ,69.336 ,438.451 ,13.625 ,0 ,424.827 ,0 ,0 ,854.652 ,313.545 ,12.627 ,17.963 ,282.955 ,22.687 ,22.687 ,12.304 ,12.304 ,67.028 ,67.028 ,439.088 ,439.088 ,180.420 ,0 ,0 ,0 ,0 ,0 ,0 ,180.420 ,0 ,180.420 ,0 ,4.173 ,4.173 ,4.173 ,0 ,0 ,0 ,0 ,0 ,0 ,0 ,0 ,4.168.492 ,4.039.720 ,3.091.950 ,364.508 ,64.054 ,498.330 ,20.878 ,128.772 ,0 ,0 ,0 ,0 ,0 ,0 ,128.772 ,0 
81.,LOGATEC,9.000.049 ,5.650.389 ,4.201.245 ,3.142.449 ,3.142.449 ,712.871 ,416.440 ,240 ,45.327 ,250.865 ,345.925 ,2.575 ,0 ,343.350 ,0 ,0 ,1.449.144 ,907.738 ,112 ,10.851 ,896.774 ,18.444 ,18.444 ,1.538 ,1.538 ,24.798 ,24.798 ,496.627 ,496.627 ,1.679.341 ,100.563 ,100.563 ,0 ,0 ,0 ,0 ,1.578.778 ,0 ,1.578.778 ,0 ,0 ,0 ,0 ,0 ,0 ,0 ,0 ,0 ,0 ,0 ,0 ,1.670.319 ,1.670.319 ,1.670.319 ,0 ,0 ,0 ,0 ,0 ,0 ,0 ,0 ,0 ,0 ,0 ,0 ,0 
82.,LOŠKA DOLINA,2.405.485 ,1.529.562 ,1.425.981 ,1.039.794 ,1.039.794 ,270.814 ,247.429 ,0 ,10.804 ,12.581 ,115.373 ,841 ,0 ,114.532 ,0 ,0 ,103.581 ,83.209 ,2.385 ,808 ,80.015 ,3.373 ,3.373 ,107 ,107 ,2.238 ,2.238 ,14.653 ,14.653 ,1.136 ,209 ,0 ,209 ,0 ,0 ,0 ,927 ,0 ,927 ,0 ,0 ,0 ,0 ,0 ,0 ,0 ,0 ,0 ,0 ,0 ,0 ,874.787 ,874.787 ,874.787 ,0 ,0 ,0 ,0 ,0 ,0 ,0 ,0 ,0 ,0 ,0 ,0 ,0 
83.,LOŠKI POTOK,1.489.380 ,452.112 ,414.484 ,313.725 ,313.725 ,43.565 ,27.959 ,0 ,7.616 ,7.991 ,57.194 ,442 ,0 ,56.752 ,0 ,0 ,37.627 ,8.087 ,0 ,2.762 ,5.325 ,3.484 ,3.484 ,0 ,0 ,1.193 ,1.193 ,24.862 ,24.862 ,43.173 ,38.625 ,38.625 ,0 ,0 ,0 ,0 ,4.548 ,1.277 ,3.272 ,0 ,3.338 ,3.338 ,3.338 ,0 ,0 ,0 ,0 ,0 ,0 ,0 ,0 ,990.757 ,990.757 ,990.757 ,0 ,0 ,0 ,0 ,0 ,0 ,0 ,0 ,0 ,0 ,0 ,0 ,0 
84.,LOVRENC NA POHORJU,2.402.850 ,1.329.824 ,783.613 ,596.887 ,596.887 ,95.635 ,81.497 ,0 ,1.323 ,12.815 ,91.091 ,447 ,0 ,90.644 ,0 ,0 ,546.211 ,433.955 ,5.346 ,14.317 ,414.292 ,3.100 ,3.100 ,931 ,931 ,65.231 ,65.231 ,42.994 ,42.994 ,76.511 ,43.219 ,42.697 ,0 ,0 ,522 ,0 ,33.292 ,0 ,33.292 ,0 ,3.923 ,3.923 ,3.923 ,0 ,0 ,0 ,0 ,0 ,0 ,0 ,0 ,992.593 ,992.593 ,991.087 ,1.269 ,0 ,238 ,0 ,0 ,0 ,0 ,0 ,0 ,0 ,0 ,0 ,0 
85.,LUČE,1.071.666 ,287.398 ,227.132 ,192.618 ,192.618 ,18.119 ,7.190 ,0 ,3.747 ,7.182 ,16.395 ,626 ,0 ,15.769 ,0 ,0 ,60.265 ,37.811 ,0 ,3.259 ,34.552 ,2.504 ,2.504 ,488 ,488 ,0 ,0 ,19.463 ,19.463 ,3.601 ,1.377 ,1.377 ,0 ,0 ,0 ,0 ,2.224 ,2.224 ,0 ,0 ,0 ,0 ,0 ,0 ,0 ,0 ,0 ,0 ,0 ,0 ,0 ,780.667 ,780.667 ,780.667 ,0 ,0 ,0 ,0 ,0 ,0 ,0 ,0 ,0 ,0 ,0 ,0 ,0 
86.,LUKOVICA,3.680.408 ,1.926.440 ,1.648.101 ,1.119.963 ,1.119.963 ,368.423 ,184.665 ,0 ,8.859 ,174.900 ,159.715 ,1.473 ,0 ,158.242 ,0 ,0 ,278.338 ,81.264 ,21.453 ,16.375 ,43.436 ,3.810 ,3.810 ,2.616 ,2.616 ,76.181 ,76.181 ,114.468 ,114.468 ,7.653 ,7.027 ,2.157 ,4.870 ,0 ,0 ,0 ,626 ,0 ,626 ,0 ,912.047 ,12.218 ,0 ,12.218 ,899.829 ,0 ,0 ,899.829 ,0 ,0 ,0 ,834.268 ,834.268 ,782.106 ,52.162 ,0 ,0 ,0 ,0 ,0 ,0 ,0 ,0 ,0 ,0 ,0 ,0 
87.,MAJŠPERK,4.850.221 ,1.201.790 ,856.042 ,684.539 ,684.539 ,72.613 ,41.859 ,0 ,1.027 ,29.728 ,98.890 ,780 ,0 ,98.110 ,0 ,0 ,345.748 ,159.523 ,2.016 ,41.441 ,116.066 ,3.351 ,3.351 ,2.020 ,2.020 ,17.610 ,17.610 ,163.245 ,163.245 ,72.855 ,67.013 ,67.013 ,0 ,0 ,0 ,0 ,5.842 ,0 ,5.842 ,0 ,24.741 ,24.741 ,8.709 ,16.032 ,0 ,0 ,0 ,0 ,0 ,0 ,0 ,3.550.835 ,3.301.156 ,2.555.124 ,208.404 ,0 ,0 ,537.627 ,249.679 ,0 ,0 ,0 ,249.679 ,0 ,0 ,0 ,0 
88.,MESTNA OBČINA MARIBOR,76.767.288 ,63.596.653 ,49.898.005 ,33.927.954 ,33.927.954 ,13.118.085 ,9.511.930 ,2.950 ,147.813 ,3.455.391 ,2.851.965 ,187.502 ,0 ,2.664.463 ,0 ,0 ,13.698.648 ,7.483.121 ,993.198 ,281.956 ,6.207.966 ,190.644 ,190.644 ,368.261 ,368.261 ,87.823 ,87.823 ,5.568.799 ,5.568.799 ,8.824.791 ,806.714 ,806.643 ,71 ,0 ,0 ,0 ,8.018.077 ,0 ,8.018.077 ,0 ,153.743 ,24.362 ,22.692 ,1.669 ,129.382 ,129.382 ,0 ,0 ,0 ,0 ,0 ,4.192.101 ,4.136.538 ,4.010.282 ,126.256 ,0 ,0 ,0 ,55.563 ,0 ,0 ,0 ,0 ,0 ,0 ,0 ,55.563 
89.,MARKOVCI,2.703.130 ,2.292.051 ,1.100.822 ,685.770 ,685.770 ,286.138 ,258.308 ,0 ,376 ,27.454 ,128.914 ,138 ,0 ,128.777 ,0 ,0 ,1.191.229 ,1.167.626 ,2.512 ,131.647 ,1.033.467 ,7.453 ,7.453 ,1.218 ,1.218 ,3.797 ,3.797 ,11.133 ,11.133 ,263.800 ,15.749 ,15.749 ,0 ,0 ,0 ,0 ,248.051 ,0 ,248.051 ,0 ,0 ,0 ,0 ,0 ,0 ,0 ,0 ,0 ,0 ,0 ,0 ,147.279 ,147.279 ,139.100 ,0 ,8.179 ,0 ,0 ,0 ,0 ,0 ,0 ,0 ,0 ,0 ,0 ,0 
90.,MEDVODE,9.833.083 ,8.060.023 ,7.084.786 ,5.362.172 ,5.362.172 ,1.325.355 ,939.200 ,67 ,39.747 ,346.340 ,397.258 ,5.721 ,0 ,391.537 ,0 ,0 ,975.238 ,377.266 ,153.660 ,14.580 ,209.026 ,19.467 ,19.467 ,8.429 ,8.429 ,2.925 ,2.925 ,567.151 ,567.151 ,84.890 ,38.829 ,38.808 ,0 ,21 ,0 ,0 ,46.061 ,0 ,46.061 ,0 ,0 ,0 ,0 ,0 ,0 ,0 ,0 ,0 ,0 ,0 ,0 ,1.688.170 ,1.688.170 ,563.007 ,1.125.163 ,0 ,0 ,0 ,0 ,0 ,0 ,0 ,0 ,0 ,0 ,0 ,0 
91.,MENGEŠ,3.860.580 ,3.710.456 ,3.014.609 ,2.237.604 ,2.237.604 ,575.456 ,388.552 ,9 ,67.492 ,119.402 ,201.550 ,4.505 ,0 ,197.044 ,0 ,0 ,695.847 ,165.855 ,20.481 ,24.798 ,120.576 ,4.902 ,4.902 ,372 ,372 ,4.844 ,4.844 ,519.875 ,519.875 ,13.170 ,10.047 ,10.047 ,0 ,0 ,0 ,0 ,3.123 ,0 ,3.123 ,0 ,0 ,0 ,0 ,0 ,0 ,0 ,0 ,0 ,0 ,0 ,0 ,136.954 ,136.954 ,136.954 ,0 ,0 ,0 ,0 ,0 ,0 ,0 ,0 ,0 ,0 ,0 ,0 ,0 
92.,METLIKA,5.256.764 ,2.402.833 ,2.153.539 ,1.676.473 ,1.676.473 ,268.386 ,214.522 ,0 ,3.751 ,50.113 ,208.680 ,4.115 ,0 ,204.565 ,0 ,0 ,249.295 ,149.220 ,0 ,6.535 ,142.685 ,16.320 ,16.320 ,3.785 ,3.785 ,0 ,0 ,79.970 ,79.970 ,37.652 ,609 ,609 ,0 ,0 ,0 ,0 ,37.043 ,0 ,37.043 ,0 ,89.509 ,835 ,835 ,0 ,88.675 ,88.675 ,0 ,0 ,0 ,0 ,0 ,2.726.769 ,2.597.379 ,2.108.016 ,161.509 ,0 ,0 ,327.854 ,129.390 ,0 ,0 ,0 ,0 ,0 ,0 ,129.390 ,0 
93.,MEŽICA,2.112.552 ,1.321.261 ,1.153.622 ,987.890 ,987.890 ,87.327 ,61.980 ,0 ,2.258 ,23.089 ,78.405 ,1.014 ,0 ,77.391 ,0 ,0 ,167.639 ,144.212 ,1.544 ,14.768 ,127.900 ,3.597 ,3.597 ,2.358 ,2.358 ,67 ,67 ,17.405 ,17.405 ,208.888 ,117.101 ,106.877 ,10.224 ,0 ,0 ,0 ,91.788 ,0 ,91.788 ,0 ,0 ,0 ,0 ,0 ,0 ,0 ,0 ,0 ,0 ,0 ,0 ,582.403 ,582.403 ,582.403 ,0 ,0 ,0 ,0 ,0 ,0 ,0 ,0 ,0 ,0 ,0 ,0 ,0 
94.,MIKLAVŽ NA DRAVSKEM POLJU,3.681.819 ,2.425.826 ,2.063.804 ,1.461.363 ,1.461.363 ,432.273 ,303.785 ,0 ,3.710 ,124.779 ,170.168 ,2.591 ,0 ,167.576 ,0 ,0 ,362.022 ,194.988 ,20.406 ,33.546 ,141.037 ,4.298 ,4.298 ,3.322 ,3.322 ,1.252 ,1.252 ,158.162 ,158.162 ,518.745 ,0 ,0 ,0 ,0 ,0 ,0 ,518.745 ,0 ,518.745 ,0 ,0 ,0 ,0 ,0 ,0 ,0 ,0 ,0 ,0 ,0 ,0 ,737.248 ,737.248 ,695.518 ,0 ,0 ,41.729 ,0 ,0 ,0 ,0 ,0 ,0 ,0 ,0 ,0 ,0 
95.,MIREN - KOSTANJEVICA,2.970.589 ,2.411.580 ,1.751.114 ,1.429.069 ,1.429.069 ,171.390 ,123.948 ,0 ,12.857 ,34.585 ,150.655 ,4.177 ,0 ,146.478 ,0 ,0 ,660.466 ,621.478 ,5.446 ,1.869 ,614.163 ,4.081 ,4.081 ,1.072 ,1.072 ,0 ,0 ,33.834 ,33.834 ,34.727 ,0 ,0 ,0 ,0 ,0 ,0 ,34.727 ,0 ,34.727 ,0 ,51.264 ,51.264 ,31.985 ,19.279 ,0 ,0 ,0 ,0 ,0 ,0 ,0 ,473.018 ,473.018 ,473.018 ,0 ,0 ,0 ,0 ,0 ,0 ,0 ,0 ,0 ,0 ,0 ,0 ,0 
96.,MIRNA PEČ,1.416.604 ,758.542 ,676.652 ,553.635 ,553.635 ,61.138 ,39.200 ,0 ,6.931 ,15.006 ,61.880 ,630 ,0 ,61.250 ,0 ,0 ,81.890 ,36.100 ,0 ,20.026 ,16.074 ,1.915 ,1.915 ,5.475 ,5.475 ,0 ,0 ,38.399 ,38.399 ,3.109 ,0 ,0 ,0 ,0 ,0 ,0 ,3.109 ,0 ,3.109 ,0 ,0 ,0 ,0 ,0 ,0 ,0 ,0 ,0 ,0 ,0 ,0 ,654.953 ,654.953 ,654.953 ,0 ,0 ,0 ,0 ,0 ,0 ,0 ,0 ,0 ,0 ,0 ,0 ,0 
97.,MISLINJA,2.650.981 ,1.542.981 ,1.315.027 ,1.113.036 ,1.113.036 ,96.895 ,76.373 ,0 ,5.800 ,14.722 ,105.095 ,1.323 ,0 ,103.772 ,0 ,0 ,227.954 ,167.497 ,5.058 ,21.474 ,140.966 ,7.670 ,7.670 ,1.193 ,1.193 ,1.252 ,1.252 ,50.342 ,50.342 ,55.788 ,8.901 ,8.567 ,0 ,334 ,0 ,0 ,46.887 ,0 ,46.887 ,0 ,0 ,0 ,0 ,0 ,0 ,0 ,0 ,0 ,0 ,0 ,0 ,1.052.212 ,1.052.212 ,1.018.198 ,14.359 ,0 ,19.654 ,0 ,0 ,0 ,0 ,0 ,0 ,0 ,0 ,0 ,0 
98.,MORAVČE,2.462.790 ,1.503.756 ,1.286.955 ,989.042 ,989.042 ,151.022 ,80.187 ,0 ,24.958 ,45.877 ,146.891 ,1.953 ,0 ,144.938 ,0 ,0 ,216.800 ,85.553 ,17.551 ,2.608 ,65.394 ,8.888 ,8.888 ,1.202 ,1.202 ,13.120 ,13.120 ,108.037 ,108.037 ,906 ,906 ,906 ,0 ,0 ,0 ,0 ,0 ,0 ,0 ,0 ,179 ,0 ,0 ,0 ,179 ,179 ,0 ,0 ,0 ,0 ,0 ,957.949 ,957.949 ,955.446 ,0 ,0 ,2.504 ,0 ,0 ,0 ,0 ,0 ,0 ,0 ,0 ,0 ,0 
99.,MORAVSKE TOPLICE,4.965.043 ,2.192.113 ,1.721.787 ,951.557 ,951.557 ,334.347 ,271.082 ,13 ,2.742 ,60.512 ,435.883 ,1.281 ,0 ,434.602 ,0 ,0 ,470.326 ,78.242 ,5.391 ,24.871 ,47.980 ,20.881 ,20.881 ,38.721 ,38.721 ,11.096 ,11.096 ,321.386 ,321.386 ,110.207 ,61.384 ,60.758 ,626 ,0 ,0 ,0 ,48.823 ,30.404 ,18.419 ,0 ,47.025 ,47.025 ,22.951 ,24.074 ,0 ,0 ,0 ,0 ,0 ,0 ,0 ,2.615.699 ,2.615.699 ,2.560.048 ,55.650 ,0 ,0 ,0 ,0 ,0 ,0 ,0 ,0 ,0 ,0 ,0 ,0 
100.,MOZIRJE,3.613.633 ,1.980.805 ,1.749.549 ,1.459.631 ,1.459.631 ,153.159 ,105.567 ,0 ,5.208 ,42.384 ,136.759 ,3.868 ,0 ,132.891 ,0 ,0 ,231.255 ,98.101 ,125 ,1.398 ,96.578 ,11.300 ,11.300 ,4.311 ,4.311 ,0 ,0 ,117.543 ,117.543 ,145.547 ,132.515 ,132.461 ,0 ,54 ,0 ,0 ,13.032 ,7.899 ,5.133 ,0 ,0 ,0 ,0 ,0 ,0 ,0 ,0 ,0 ,0 ,0 ,0 ,1.487.281 ,1.438.554 ,1.375.313 ,63.241 ,0 ,0 ,0 ,48.727 ,0 ,48.727 ,0 ,0 ,0 ,0 ,0 ,0 
101.,MESTNA OBČINA MURSKA SOBOTA,12.393.040 ,10.031.810 ,8.129.603 ,6.140.148 ,6.140.148 ,1.504.765 ,1.043.866 ,71 ,54.999 ,405.830 ,484.690 ,29.920 ,0 ,454.770 ,0 ,0 ,1.902.207 ,467.493 ,50.638 ,21.349 ,395.506 ,16.671 ,16.671 ,100.755 ,100.755 ,73.982 ,73.982 ,1.243.307 ,1.243.307 ,705.412 ,23.535 ,23.035 ,0 ,0 ,501 ,0 ,681.877 ,0 ,681.877 ,0 ,2.212 ,2.212 ,2.212 ,0 ,0 ,0 ,0 ,0 ,0 ,0 ,0 ,1.653.605 ,1.653.605 ,1.653.605 ,0 ,0 ,0 ,0 ,0 ,0 ,0 ,0 ,0 ,0 ,0 ,0 ,0 
102.,MUTA,2.567.706 ,1.271.240 ,828.672 ,648.214 ,648.214 ,90.986 ,51.590 ,0 ,993 ,38.403 ,89.472 ,718 ,0 ,88.754 ,0 ,0 ,442.568 ,388.474 ,1.152 ,513 ,386.809 ,5.759 ,5.759 ,830 ,830 ,11.668 ,11.668 ,35.837 ,35.837 ,260.691 ,252.500 ,238.312 ,0 ,14.188 ,0 ,0 ,8.191 ,0 ,8.191 ,0 ,0 ,0 ,0 ,0 ,0 ,0 ,0 ,0 ,0 ,0 ,0 ,1.035.775 ,1.035.775 ,1.013.862 ,20.739 ,0 ,1.173 ,0 ,0 ,0 ,0 ,0 ,0 ,0 ,0 ,0 ,0 
103.,NAKLO,4.040.573 ,2.891.076 ,2.242.350 ,1.547.868 ,1.547.868 ,533.984 ,445.327 ,0 ,1.201 ,87.456 ,160.498 ,1.186 ,0 ,159.312 ,0 ,0 ,648.726 ,91.711 ,31.089 ,18.272 ,42.349 ,10.967 ,10.967 ,2.152 ,2.152 ,10.910 ,10.910 ,532.987 ,532.987 ,181.748 ,0 ,0 ,0 ,0 ,0 ,0 ,181.748 ,0 ,181.748 ,0 ,0 ,0 ,0 ,0 ,0 ,0 ,0 ,0 ,0 ,0 ,0 ,967.749 ,967.749 ,967.749 ,0 ,0 ,0 ,0 ,0 ,0 ,0 ,0 ,0 ,0 ,0 ,0 ,0 
104.,NAZARJE,1.513.120 ,855.003 ,773.464 ,505.191 ,505.191 ,210.925 ,183.050 ,0 ,3.948 ,23.928 ,57.349 ,618 ,0 ,56.731 ,0 ,0 ,81.539 ,37.611 ,0 ,505 ,37.106 ,3.639 ,3.639 ,179 ,179 ,0 ,0 ,40.110 ,40.110 ,69.742 ,32.528 ,32.528 ,0 ,0 ,0 ,0 ,37.214 ,9.685 ,27.529 ,0 ,0 ,0 ,0 ,0 ,0 ,0 ,0 ,0 ,0 ,0 ,0 ,588.374 ,588.374 ,588.374 ,0 ,0 ,0 ,0 ,0 ,0 ,0 ,0 ,0 ,0 ,0 ,0 ,0 
105.,MESTNA OBČINA NOVA GORICA,32.643.799 ,28.731.088 ,18.538.979 ,13.224.353 ,13.224.353 ,3.853.572 ,3.070.977 ,0 ,96.395 ,686.200 ,1.461.054 ,32.248 ,0 ,1.428.806 ,0 ,0 ,10.192.109 ,8.447.655 ,138.616 ,136.146 ,8.172.893 ,44.880 ,44.880 ,153.255 ,153.255 ,26.352 ,26.352 ,1.519.967 ,1.519.967 ,1.915.194 ,191.158 ,189.601 ,1.114 ,442 ,0 ,0 ,1.724.036 ,3.822 ,1.720.214 ,0 ,8.784 ,8.784 ,8.776 ,8 ,0 ,0 ,0 ,0 ,0 ,0 ,0 ,1.988.733 ,1.788.633 ,1.651.728 ,136.905 ,0 ,0 ,0 ,200.100 ,200.100 ,0 ,0 ,0 ,0 ,0 ,0 ,0 
106.,MESTNA OBČINA NOVO MESTO,27.953.451 ,22.904.882 ,21.089.722 ,14.888.136 ,14.888.136 ,4.673.072 ,3.587.886 ,376 ,230.229 ,854.582 ,1.528.514 ,78.614 ,0 ,1.449.900 ,0 ,0 ,1.815.160 ,452.575 ,60.549 ,21.082 ,370.944 ,34.055 ,34.055 ,191.450 ,191.450 ,332.528 ,332.528 ,804.553 ,804.553 ,2.256.118 ,54.594 ,54.594 ,0 ,0 ,0 ,0 ,2.201.523 ,0 ,2.201.523 ,0 ,2.921 ,2.921 ,2.921 ,0 ,0 ,0 ,0 ,0 ,0 ,0 ,0 ,2.789.530 ,2.789.530 ,2.789.530 ,0 ,0 ,0 ,0 ,0 ,0 ,0 ,0 ,0 ,0 ,0 ,0 ,0 
107.,ODRANCI,1.465.114 ,278.708 ,219.635 ,172.434 ,172.434 ,33.925 ,27.299 ,0 ,3.572 ,3.054 ,13.276 ,294 ,0 ,12.982 ,0 ,0 ,59.073 ,4.876 ,0 ,4.650 ,226 ,1.543 ,1.543 ,0 ,0 ,0 ,0 ,52.655 ,52.655 ,35.262 ,35.262 ,35.262 ,0 ,0 ,0 ,0 ,0 ,0 ,0 ,0 ,0 ,0 ,0 ,0 ,0 ,0 ,0 ,0 ,0 ,0 ,0 ,1.151.144 ,1.151.144 ,1.151.144 ,0 ,0 ,0 ,0 ,0 ,0 ,0 ,0 ,0 ,0 ,0 ,0 ,0 
108.,OPLOTNICA,2.034.443 ,915.402 ,836.158 ,674.745 ,674.745 ,103.885 ,97.242 ,0 ,284 ,6.360 ,57.528 ,730 ,0 ,56.798 ,0 ,0 ,79.244 ,53.084 ,171 ,1.097 ,51.815 ,2.633 ,2.633 ,714 ,714 ,246 ,246 ,22.567 ,22.567 ,151.131 ,25.943 ,25.943 ,0 ,0 ,0 ,0 ,125.188 ,0 ,125.188 ,0 ,0 ,0 ,0 ,0 ,0 ,0 ,0 ,0 ,0 ,0 ,0 ,967.910 ,967.910 ,934.965 ,0 ,0 ,32.945 ,0 ,0 ,0 ,0 ,0 ,0 ,0 ,0 ,0 ,0 
109.,ORMOŽ,12.205.391 ,6.847.868 ,4.392.076 ,2.878.898 ,2.878.898 ,1.036.797 ,904.023 ,46 ,21.966 ,110.762 ,476.381 ,8.613 ,0 ,467.768 ,0 ,0 ,2.455.792 ,617.660 ,69.888 ,81.785 ,465.986 ,35.879 ,35.879 ,19.517 ,19.517 ,63.825 ,63.825 ,1.718.912 ,1.718.912 ,1.075.985 ,26.494 ,18.232 ,0 ,0 ,8.262 ,0 ,1.049.491 ,0 ,1.049.491 ,0 ,0 ,0 ,0 ,0 ,0 ,0 ,0 ,0 ,0 ,0 ,0 ,4.281.539 ,4.074.887 ,3.939.789 ,0 ,0 ,135.098 ,0 ,206.652 ,126.590 ,0 ,0 ,0 ,0 ,0 ,80.062 ,0 
110.,OSILNICA,657.435 ,125.755 ,92.322 ,67.474 ,67.474 ,19.824 ,12.847 ,0 ,5.137 ,1.839 ,5.024 ,0 ,0 ,5.024 ,0 ,0 ,33.434 ,8.887 ,0 ,6.104 ,2.783 ,433 ,433 ,139 ,139 ,23.671 ,23.671 ,303 ,303 ,1.000 ,0 ,0 ,0 ,0 ,0 ,0 ,1.000 ,1.000 ,0 ,0 ,0 ,0 ,0 ,0 ,0 ,0 ,0 ,0 ,0 ,0 ,0 ,530.680 ,530.680 ,528.658 ,0 ,0 ,2.022 ,0 ,0 ,0 ,0 ,0 ,0 ,0 ,0 ,0 ,0 
111.,PESNICA,5.485.078 ,2.509.840 ,1.974.812 ,1.350.058 ,1.350.058 ,114.522 ,12.218 ,0 ,3.943 ,98.360 ,510.232 ,1.778 ,0 ,508.454 ,0 ,0 ,535.028 ,111.663 ,4.528 ,43.206 ,63.929 ,7.595 ,7.595 ,4.240 ,4.240 ,0 ,0 ,411.530 ,411.530 ,937.477 ,1.202 ,1.202 ,0 ,0 ,0 ,0 ,936.275 ,522 ,935.754 ,0 ,0 ,0 ,0 ,0 ,0 ,0 ,0 ,0 ,0 ,0 ,0 ,2.037.761 ,2.037.761 ,1.945.931 ,0 ,0 ,49.921 ,41.909 ,0 ,0 ,0 ,0 ,0 ,0 ,0 ,0 ,0 
112.,PIRAN,17.826.461 ,15.394.629 ,10.925.388 ,6.242.798 ,6.242.798 ,2.656.405 ,1.556.885 ,2.036 ,147.868 ,949.616 ,2.026.185 ,20.702 ,0 ,2.005.483 ,0 ,0 ,4.469.241 ,1.631.264 ,17 ,94.400 ,1.536.847 ,59.214 ,59.214 ,148.523 ,148.523 ,21.107 ,21.107 ,2.609.135 ,2.609.135 ,1.718.152 ,352.591 ,351.410 ,1.181 ,0 ,0 ,0 ,1.365.561 ,16.692 ,1.348.869 ,0 ,4.152 ,4.152 ,4.152 ,0 ,0 ,0 ,0 ,0 ,0 ,0 ,0 ,709.527 ,709.527 ,707.465 ,2.061 ,0 ,0 ,0 ,0 ,0 ,0 ,0 ,0 ,0 ,0 ,0 ,0 
113.,PIVKA,4.635.551 ,2.828.863 ,2.256.527 ,1.422.724 ,1.422.724 ,557.412 ,481.140 ,0 ,14.555 ,61.717 ,276.391 ,949 ,0 ,275.442 ,0 ,0 ,572.336 ,143.857 ,95 ,4.886 ,138.876 ,12.561 ,12.561 ,1.864 ,1.864 ,14.650 ,14.650 ,399.404 ,399.404 ,533.738 ,219.035 ,219.035 ,0 ,0 ,0 ,0 ,314.703 ,0 ,314.703 ,0 ,0 ,0 ,0 ,0 ,0 ,0 ,0 ,0 ,0 ,0 ,0 ,1.272.950 ,1.197.944 ,1.180.291 ,11.684 ,0 ,5.969 ,0 ,75.006 ,75.006 ,0 ,0 ,0 ,0 ,0 ,0 ,0 
114.,PODČETRTEK,2.782.720 ,1.376.715 ,978.184 ,486.158 ,486.158 ,158.959 ,131.706 ,0 ,1.602 ,25.651 ,333.066 ,455 ,0 ,332.611 ,0 ,0 ,398.531 ,68.949 ,0 ,21.624 ,47.325 ,11.279 ,11.279 ,3.597 ,3.597 ,0 ,0 ,314.705 ,314.705 ,16.546 ,0 ,0 ,0 ,0 ,0 ,0 ,16.546 ,0 ,16.546 ,0 ,0 ,0 ,0 ,0 ,0 ,0 ,0 ,0 ,0 ,0 ,0 ,1.389.459 ,1.389.459 ,1.252.942 ,0 ,0 ,136.517 ,0 ,0 ,0 ,0 ,0 ,0 ,0 ,0 ,0 ,0 
115.,PODLEHNIK,1.889.644 ,924.295 ,870.461 ,234.718 ,234.718 ,37.358 ,24.881 ,0 ,907 ,11.569 ,598.385 ,430 ,0 ,597.955 ,0 ,0 ,53.834 ,11.922 ,0 ,3.952 ,7.970 ,4.813 ,4.813 ,0 ,0 ,0 ,0 ,37.099 ,37.099 ,36.026 ,36.026 ,36.026 ,0 ,0 ,0 ,0 ,0 ,0 ,0 ,0 ,0 ,0 ,0 ,0 ,0 ,0 ,0 ,0 ,0 ,0 ,0 ,929.323 ,929.323 ,920.314 ,9.010 ,0 ,0 ,0 ,0 ,0 ,0 ,0 ,0 ,0 ,0 ,0 ,0 
116.,PODVELKA,1.750.125 ,1.321.165 ,693.482 ,376.014 ,376.014 ,263.771 ,208.308 ,0 ,20.656 ,34.806 ,53.697 ,2.767 ,0 ,50.931 ,0 ,0 ,627.683 ,605.759 ,7.632 ,11.459 ,586.668 ,2.508 ,2.508 ,1.744 ,1.744 ,0 ,0 ,17.672 ,17.672 ,2.604 ,0 ,0 ,0 ,0 ,0 ,0 ,2.604 ,0 ,2.604 ,0 ,0 ,0 ,0 ,0 ,0 ,0 ,0 ,0 ,0 ,0 ,0 ,426.356 ,426.356 ,306.756 ,0 ,0 ,119.600 ,0 ,0 ,0 ,0 ,0 ,0 ,0 ,0 ,0 ,0 
117.,POLZELA,2.895.923 ,1.948.731 ,1.692.130 ,1.295.848 ,1.295.848 ,232.211 ,161.672 ,83 ,1.035 ,69.421 ,164.071 ,847 ,0 ,163.224 ,0 ,0 ,256.602 ,85.733 ,6.798 ,4.553 ,74.382 ,8.634 ,8.634 ,547 ,547 ,1.452 ,1.452 ,160.236 ,160.236 ,248.156 ,133.592 ,133.592 ,0 ,0 ,0 ,0 ,114.564 ,0 ,114.564 ,0 ,0 ,0 ,0 ,0 ,0 ,0 ,0 ,0 ,0 ,0 ,0 ,699.036 ,699.036 ,699.036 ,0 ,0 ,0 ,0 ,0 ,0 ,0 ,0 ,0 ,0 ,0 ,0 ,0 
118.,POSTOJNA,9.135.695 ,7.250.113 ,5.966.984 ,4.484.435 ,4.484.435 ,849.921 ,551.427 ,0 ,19.346 ,279.148 ,632.628 ,17.447 ,0 ,615.181 ,0 ,0 ,1.283.129 ,893.457 ,0 ,2.533 ,890.924 ,13.195 ,13.195 ,3.797 ,3.797 ,6.347 ,6.347 ,366.333 ,366.333 ,1.042.827 ,785.854 ,785.245 ,209 ,401 ,0 ,0 ,256.973 ,7.899 ,249.074 ,0 ,1.168 ,1.168 ,1.168 ,0 ,0 ,0 ,0 ,0 ,0 ,0 ,0 ,841.587 ,841.587 ,795.614 ,3.902 ,0 ,42.071 ,0 ,0 ,0 ,0 ,0 ,0 ,0 ,0 ,0 ,0 
119.,PREBOLD,2.644.780 ,1.612.181 ,1.440.402 ,1.037.506 ,1.037.506 ,202.733 ,89.843 ,0 ,4.861 ,108.029 ,200.163 ,701 ,0 ,199.462 ,0 ,0 ,171.779 ,123.018 ,6.614 ,985 ,115.419 ,3.847 ,3.847 ,484 ,484 ,14.284 ,14.284 ,30.145 ,30.145 ,294.646 ,51.456 ,51.456 ,0 ,0 ,0 ,0 ,243.190 ,0 ,243.190 ,0 ,0 ,0 ,0 ,0 ,0 ,0 ,0 ,0 ,0 ,0 ,0 ,737.953 ,737.953 ,681.547 ,56.405 ,0 ,0 ,0 ,0 ,0 ,0 ,0 ,0 ,0 ,0 ,0 ,0 
120.,PREDDVOR,2.035.875 ,1.211.663 ,1.145.201 ,900.234 ,900.234 ,115.102 ,85.178 ,0 ,2.687 ,27.237 ,129.866 ,509 ,0 ,129.357 ,0 ,0 ,66.462 ,44.062 ,22.642 ,8.822 ,12.598 ,7.081 ,7.081 ,935 ,935 ,10.136 ,10.136 ,4.248 ,4.248 ,24.094 ,3.601 ,3.217 ,384 ,0 ,0 ,0 ,20.493 ,16.320 ,4.173 ,0 ,5.112 ,5.112 ,5.112 ,0 ,0 ,0 ,0 ,0 ,0 ,0 ,0 ,795.005 ,795.005 ,795.005 ,0 ,0 ,0 ,0 ,0 ,0 ,0 ,0 ,0 ,0 ,0 ,0 ,0 
121.,PREVALJE,3.972.329 ,2.447.175 ,2.118.044 ,1.550.751 ,1.550.751 ,331.643 ,279.674 ,0 ,1.402 ,50.568 ,235.649 ,2.979 ,0 ,232.670 ,0 ,0 ,329.131 ,245.514 ,1.511 ,7.845 ,236.158 ,13.395 ,13.395 ,618 ,618 ,0 ,0 ,69.604 ,69.604 ,225.313 ,119.951 ,119.951 ,0 ,0 ,0 ,0 ,105.362 ,0 ,105.362 ,0 ,2.545 ,2.545 ,417 ,2.128 ,0 ,0 ,0 ,0 ,0 ,0 ,0 ,1.297.296 ,1.257.257 ,1.236.451 ,20.806 ,0 ,0 ,0 ,40.039 ,40.039 ,0 ,0 ,0 ,0 ,0 ,0 ,0 
122.,MESTNA OBČINA PTUJ,18.798.268 ,13.284.335 ,9.178.176 ,6.728.380 ,6.728.380 ,1.783.876 ,1.323.786 ,242 ,14.092 ,445.756 ,665.920 ,14.952 ,0 ,650.968 ,0 ,0 ,4.106.159 ,2.272.734 ,66.387 ,50.388 ,2.155.959 ,48.761 ,48.761 ,60.295 ,60.295 ,3.100 ,3.100 ,1.721.269 ,1.721.269 ,1.671.641 ,417.122 ,417.122 ,0 ,0 ,0 ,0 ,1.254.519 ,19.650 ,1.234.869 ,0 ,501 ,501 ,501 ,0 ,0 ,0 ,0 ,0 ,0 ,0 ,0 ,3.841.792 ,3.805.195 ,3.423.982 ,381.213 ,0 ,0 ,0 ,36.597 ,36.597 ,0 ,0 ,0 ,0 ,0 ,0 ,0 
123.,PUCONCI,5.889.909 ,1.787.540 ,1.472.884 ,893.311 ,893.311 ,178.543 ,136.180 ,32 ,5.730 ,36.600 ,401.030 ,6.635 ,0 ,394.395 ,0 ,0 ,314.656 ,41.506 ,2.813 ,6.563 ,32.129 ,16.096 ,16.096 ,142 ,142 ,31.899 ,31.899 ,225.014 ,225.014 ,73.983 ,10.585 ,10.568 ,0 ,17 ,0 ,0 ,63.398 ,18.715 ,44.684 ,0 ,76.782 ,76.782 ,10.015 ,66.767 ,0 ,0 ,0 ,0 ,0 ,0 ,0 ,3.951.604 ,3.764.865 ,2.570.518 ,994.179 ,0 ,200.168 ,0 ,186.738 ,186.738 ,0 ,0 ,0 ,0 ,0 ,0 ,0 
124.,RAČE - FRAM,3.755.700 ,2.902.917 ,2.158.333 ,1.452.137 ,1.452.137 ,507.198 ,411.580 ,104 ,9.322 ,86.192 ,198.999 ,37.235 ,0 ,161.763 ,0 ,0 ,744.584 ,122.229 ,18.044 ,38.658 ,65.527 ,4.836 ,4.836 ,3.509 ,3.509 ,366.763 ,366.763 ,247.246 ,247.246 ,81.205 ,0 ,0 ,0 ,0 ,0 ,0 ,81.205 ,0 ,81.205 ,0 ,0 ,0 ,0 ,0 ,0 ,0 ,0 ,0 ,0 ,0 ,0 ,771.578 ,771.578 ,769.492 ,2.086 ,0 ,0 ,0 ,0 ,0 ,0 ,0 ,0 ,0 ,0 ,0 ,0 
125.,RADEČE,2.764.305 ,1.631.201 ,1.323.105 ,1.078.426 ,1.078.426 ,119.500 ,87.139 ,0 ,747 ,31.614 ,125.179 ,1.594 ,0 ,123.585 ,0 ,0 ,308.095 ,262.293 ,167 ,2.153 ,259.973 ,5.888 ,5.888 ,113 ,113 ,2.529 ,2.529 ,37.273 ,37.273 ,52.863 ,50.559 ,50.559 ,0 ,0 ,0 ,0 ,2.303 ,2.303 ,0 ,0 ,0 ,0 ,0 ,0 ,0 ,0 ,0 ,0 ,0 ,0 ,0 ,1.080.241 ,1.080.241 ,1.071.895 ,0 ,0 ,8.346 ,0 ,0 ,0 ,0 ,0 ,0 ,0 ,0 ,0 ,0 
126.,RADENCI,2.893.062 ,2.314.526 ,2.000.663 ,1.336.815 ,1.336.815 ,284.057 ,246.551 ,0 ,803 ,36.703 ,379.792 ,81.731 ,0 ,298.061 ,0 ,0 ,313.863 ,201.007 ,0 ,10.300 ,190.707 ,3.668 ,3.668 ,961 ,961 ,0 ,0 ,108.227 ,108.227 ,17.581 ,16.248 ,16.248 ,0 ,0 ,0 ,0 ,1.333 ,0 ,1.333 ,0 ,20.865 ,20.865 ,20.865 ,0 ,0 ,0 ,0 ,0 ,0 ,0 ,0 ,540.090 ,540.090 ,535.764 ,0 ,0 ,4.326 ,0 ,0 ,0 ,0 ,0 ,0 ,0 ,0 ,0 ,0 
127.,RADLJE OB DRAVI,3.721.169 ,2.317.414 ,1.736.884 ,1.179.937 ,1.179.937 ,386.997 ,268.336 ,146 ,9.952 ,108.563 ,169.951 ,2.525 ,0 ,167.426 ,0 ,0 ,580.529 ,511.313 ,2.049 ,5.742 ,503.522 ,4.674 ,4.674 ,2.420 ,2.420 ,36.254 ,36.254 ,25.868 ,25.868 ,110.436 ,27.888 ,27.124 ,764 ,0 ,0 ,0 ,82.549 ,0 ,82.549 ,0 ,16.128 ,16.128 ,16.128 ,0 ,0 ,0 ,0 ,0 ,0 ,0 ,0 ,1.277.191 ,1.277.191 ,1.275.939 ,1.252 ,0 ,0 ,0 ,0 ,0 ,0 ,0 ,0 ,0 ,0 ,0 ,0 
128.,RADOVLJICA,11.657.161 ,9.181.685 ,8.300.334 ,5.712.231 ,5.712.231 ,1.561.350 ,1.222.989 ,1.836 ,22.488 ,314.038 ,1.026.753 ,129.369 ,0 ,897.384 ,0 ,0 ,881.351 ,466.529 ,27.312 ,14.000 ,425.217 ,14.568 ,14.568 ,41.345 ,41.345 ,39.643 ,39.643 ,319.266 ,319.266 ,686.221 ,188.232 ,188.036 ,38 ,159 ,0 ,0 ,497.989 ,86.242 ,411.747 ,0 ,0 ,0 ,0 ,0 ,0 ,0 ,0 ,0 ,0 ,0 ,0 ,1.789.255 ,1.708.826 ,1.692.134 ,16.692 ,0 ,0 ,0 ,80.429 ,26.515 ,0 ,0 ,53.914 ,0 ,0 ,0 ,0 
129.,RAVNE NA KOROŠKEM,7.358.154 ,5.043.261 ,4.488.583 ,3.053.059 ,3.053.059 ,964.004 ,866.788 ,0 ,6.180 ,91.037 ,471.520 ,9.097 ,0 ,462.423 ,0 ,0 ,554.678 ,461.622 ,3.126 ,15.260 ,443.236 ,16.191 ,16.191 ,2.345 ,2.345 ,0 ,0 ,74.520 ,74.520 ,804.231 ,496.854 ,496.854 ,0 ,0 ,0 ,0 ,307.378 ,0 ,307.378 ,0 ,97.463 ,97.463 ,91.291 ,6.172 ,0 ,0 ,0 ,0 ,0 ,0 ,0 ,1.413.199 ,1.413.199 ,1.339.526 ,40.290 ,0 ,33.383 ,0 ,0 ,0 ,0 ,0 ,0 ,0 ,0 ,0 ,0 
130.,RAZKRIŽJE,678.454 ,286.274 ,223.402 ,162.626 ,162.626 ,33.602 ,28.944 ,0 ,1.277 ,3.381 ,27.174 ,292 ,0 ,26.882 ,0 ,0 ,62.872 ,6.886 ,0 ,644 ,6.242 ,1.856 ,1.856 ,0 ,0 ,4.887 ,4.887 ,49.244 ,49.244 ,34.781 ,32.219 ,32.219 ,0 ,0 ,0 ,0 ,2.562 ,0 ,2.562 ,0 ,0 ,0 ,0 ,0 ,0 ,0 ,0 ,0 ,0 ,0 ,0 ,357.399 ,357.399 ,355.688 ,1.711 ,0 ,0 ,0 ,0 ,0 ,0 ,0 ,0 ,0 ,0 ,0 ,0 
131.,RIBNICA,5.143.578 ,3.070.669 ,2.673.469 ,2.132.653 ,2.132.653 ,305.429 ,189.355 ,0 ,20.214 ,95.860 ,235.386 ,2.817 ,0 ,232.570 ,0 ,0 ,397.200 ,256.059 ,1.473 ,12.335 ,242.251 ,15.498 ,15.498 ,542 ,542 ,40.231 ,40.231 ,84.869 ,84.869 ,210.324 ,88.954 ,88.954 ,0 ,0 ,0 ,0 ,121.370 ,0 ,121.370 ,0 ,0 ,0 ,0 ,0 ,0 ,0 ,0 ,0 ,0 ,0 ,0 ,1.862.586 ,1.862.586 ,1.855.838 ,6.748 ,0 ,0 ,0 ,0 ,0 ,0 ,0 ,0 ,0 ,0 ,0 ,0 
132.,RIBNICA NA POHORJU,832.816 ,305.354 ,227.587 ,164.359 ,164.359 ,28.084 ,17.464 ,0 ,3.167 ,7.453 ,35.144 ,551 ,0 ,34.594 ,0 ,0 ,77.767 ,61.563 ,2.750 ,3.142 ,55.671 ,1.565 ,1.565 ,993 ,993 ,622 ,622 ,13.024 ,13.024 ,25.897 ,25.897 ,25.897 ,0 ,0 ,0 ,0 ,0 ,0 ,0 ,0 ,2.800 ,2.800 ,2.800 ,0 ,0 ,0 ,0 ,0 ,0 ,0 ,0 ,498.765 ,498.765 ,491.871 ,0 ,0 ,6.894 ,0 ,0 ,0 ,0 ,0 ,0 ,0 ,0 ,0 ,0 
133.,ROGAŠKA SLATINA,6.307.858 ,4.075.664 ,3.649.837 ,2.101.498 ,2.101.498 ,874.700 ,555.408 ,0 ,5.521 ,313.771 ,673.640 ,11.367 ,0 ,662.273 ,0 ,0 ,425.826 ,200.555 ,217 ,23.022 ,177.316 ,15.778 ,15.778 ,9.301 ,9.301 ,0 ,0 ,200.192 ,200.192 ,39.259 ,15.811 ,15.811 ,0 ,0 ,0 ,0 ,23.448 ,0 ,23.448 ,0 ,2.771 ,2.771 ,0 ,2.771 ,0 ,0 ,0 ,0 ,0 ,0 ,0 ,2.190.164 ,2.190.164 ,2.138.449 ,0 ,0 ,51.715 ,0 ,0 ,0 ,0 ,0 ,0 ,0 ,0 ,0 ,0 
134.,ROGAŠOVCI,1.574.794 ,397.848 ,359.546 ,301.038 ,301.038 ,8.054 ,2 ,0 ,2.454 ,5.598 ,50.453 ,38.484 ,0 ,11.968 ,0 ,0 ,38.303 ,9.813 ,1.722 ,3.755 ,4.336 ,4.696 ,4.696 ,0 ,0 ,287 ,287 ,23.508 ,23.508 ,484 ,0 ,0 ,0 ,0 ,0 ,0 ,484 ,484 ,0 ,0 ,0 ,0 ,0 ,0 ,0 ,0 ,0 ,0 ,0 ,0 ,0 ,1.176.462 ,1.176.462 ,1.119.838 ,0 ,0 ,56.624 ,0 ,0 ,0 ,0 ,0 ,0 ,0 ,0 ,0 ,0 
135.,ROGATEC,2.284.548 ,1.046.536 ,784.018 ,471.165 ,471.165 ,174.341 ,154.586 ,0 ,4.160 ,15.594 ,138.512 ,33 ,0 ,138.479 ,0 ,0 ,262.519 ,98.193 ,0 ,2.612 ,95.581 ,4.937 ,4.937 ,1.206 ,1.206 ,689 ,689 ,157.495 ,157.495 ,106.673 ,106.673 ,106.673 ,0 ,0 ,0 ,0 ,0 ,0 ,0 ,0 ,0 ,0 ,0 ,0 ,0 ,0 ,0 ,0 ,0 ,0 ,0 ,1.131.339 ,1.131.339 ,1.125.509 ,0 ,0 ,5.830 ,0 ,0 ,0 ,0 ,0 ,0 ,0 ,0 ,0 ,0 
136.,RUŠE,5.098.181 ,3.733.250 ,2.826.235 ,1.683.392 ,1.683.392 ,833.484 ,765.507 ,476 ,5.934 ,61.567 ,309.360 ,2.541 ,0 ,306.819 ,0 ,0 ,907.015 ,483.392 ,12.619 ,9.364 ,461.409 ,7.962 ,7.962 ,931 ,931 ,371.703 ,371.703 ,43.027 ,43.027 ,80.850 ,25.309 ,25.309 ,0 ,0 ,0 ,0 ,55.542 ,0 ,55.542 ,0 ,3.647 ,3.647 ,3.438 ,209 ,0 ,0 ,0 ,0 ,0 ,0 ,0 ,1.280.433 ,1.280.433 ,1.016.658 ,2.842 ,260.933 ,0 ,0 ,0 ,0 ,0 ,0 ,0 ,0 ,0 ,0 ,0 
137.,SELNICA OB DRAVI,2.400.492 ,1.836.054 ,1.374.620 ,976.940 ,976.940 ,198.176 ,168.060 ,0 ,939 ,29.177 ,199.503 ,1.123 ,0 ,198.381 ,0 ,0 ,461.434 ,425.593 ,7.912 ,3.726 ,413.954 ,7.052 ,7.052 ,6.856 ,6.856 ,3.572 ,3.572 ,18.361 ,18.361 ,3.192 ,351 ,351 ,0 ,0 ,0 ,0 ,2.842 ,0 ,2.842 ,0 ,309 ,309 ,0 ,309 ,0 ,0 ,0 ,0 ,0 ,0 ,0 ,560.937 ,560.937 ,513.871 ,0 ,0 ,47.066 ,0 ,0 ,0 ,0 ,0 ,0 ,0 ,0 ,0 ,0 
138.,SEMIČ,2.063.040 ,920.030 ,875.200 ,716.842 ,716.842 ,105.709 ,75.981 ,0 ,2.829 ,26.899 ,52.650 ,305 ,0 ,52.345 ,0 ,0 ,44.830 ,24.403 ,0 ,2.153 ,22.250 ,3.468 ,3.468 ,2.274 ,2.274 ,209 ,209 ,14.476 ,14.476 ,27.842 ,5.583 ,3.827 ,1.757 ,0 ,0 ,0 ,22.258 ,6.201 ,16.057 ,0 ,10.641 ,10.641 ,755 ,9.886 ,0 ,0 ,0 ,0 ,0 ,0 ,0 ,1.104.528 ,1.104.528 ,1.104.528 ,0 ,0 ,0 ,0 ,0 ,0 ,0 ,0 ,0 ,0 ,0 ,0 ,0 
139.,SEVNICA,10.638.136 ,5.624.687 ,4.567.042 ,3.634.944 ,3.634.944 ,462.899 ,335.236 ,29 ,18.323 ,109.310 ,469.200 ,2.141 ,0 ,467.059 ,0 ,0 ,1.057.645 ,205.066 ,0 ,12.252 ,192.814 ,13.366 ,13.366 ,5.884 ,5.884 ,28.689 ,28.689 ,804.640 ,804.640 ,221.995 ,98.360 ,98.360 ,0 ,0 ,0 ,0 ,123.635 ,3.672 ,119.963 ,0 ,0 ,0 ,0 ,0 ,0 ,0 ,0 ,0 ,0 ,0 ,0 ,4.791.454 ,4.733.033 ,4.733.033 ,0 ,0 ,0 ,0 ,58.421 ,0 ,58.421 ,0 ,0 ,0 ,0 ,0 ,0 
140.,SEŽANA,10.596.829 ,8.601.335 ,5.581.543 ,4.060.558 ,4.060.558 ,1.028.764 ,661.572 ,772 ,62.189 ,304.231 ,492.222 ,51.218 ,0 ,441.003 ,0 ,0 ,3.019.792 ,2.133.650 ,19.112 ,35.341 ,2.079.198 ,17.343 ,17.343 ,1.068 ,1.068 ,2.383 ,2.383 ,865.348 ,865.348 ,1.506.556 ,919.805 ,919.805 ,0 ,0 ,0 ,0 ,586.751 ,2.166 ,584.585 ,0 ,1.264 ,609 ,609 ,0 ,655 ,655 ,0 ,0 ,0 ,0 ,0 ,487.673 ,487.673 ,487.673 ,0 ,0 ,0 ,0 ,0 ,0 ,0 ,0 ,0 ,0 ,0 ,0 ,0 
141.,MESTNA OBČINA SLOVENJ GRADEC,14.133.513 ,9.037.127 ,6.638.666 ,4.446.954 ,4.446.954 ,1.440.039 ,1.188.408 ,58 ,15.774 ,235.800 ,751.673 ,9.306 ,0 ,742.368 ,0 ,0 ,2.398.460 ,1.674.704 ,135.883 ,122.480 ,1.416.341 ,30.433 ,30.433 ,45.410 ,45.410 ,15.686 ,15.686 ,632.228 ,632.228 ,859.072 ,253.142 ,253.142 ,0 ,0 ,0 ,0 ,605.930 ,0 ,605.930 ,0 ,124.211 ,124.211 ,124.211 ,0 ,0 ,0 ,0 ,0 ,0 ,0 ,0 ,4.113.103 ,3.408.262 ,2.462.448 ,1.235 ,0 ,135.741 ,808.838 ,704.841 ,0 ,0 ,0 ,0 ,0 ,0 ,704.841 ,0 
142.,SLOVENSKA BISTRICA,18.603.126 ,10.891.162 ,9.388.107 ,6.460.211 ,6.460.211 ,1.470.109 ,1.124.883 ,54 ,51.957 ,293.215 ,1.457.787 ,137.602 ,0 ,1.320.184 ,0 ,0 ,1.503.055 ,434.068 ,0 ,2.996 ,431.072 ,53.159 ,53.159 ,30.325 ,30.325 ,0 ,0 ,985.503 ,985.503 ,1.207.173 ,336.572 ,334.915 ,1.461 ,196 ,0 ,0 ,870.602 ,0 ,870.602 ,0 ,739 ,739 ,739 ,0 ,0 ,0 ,0 ,0 ,0 ,0 ,0 ,6.504.052 ,6.482.520 ,6.406.501 ,76.018 ,0 ,0 ,0 ,21.532 ,0 ,0 ,0 ,0 ,0 ,0 ,21.532 ,0 
143.,SLOVENSKE KONJICE,8.971.929 ,4.981.731 ,4.077.762 ,3.126.878 ,3.126.878 ,544.930 ,295.260 ,0 ,15.348 ,234.322 ,405.955 ,9.610 ,0 ,396.345 ,0 ,0 ,903.968 ,273.181 ,4.298 ,11.217 ,257.666 ,25.438 ,25.438 ,7.766 ,7.766 ,383.755 ,383.755 ,213.829 ,213.829 ,203.889 ,173.973 ,173.973 ,0 ,0 ,0 ,0 ,29.916 ,0 ,29.916 ,0 ,0 ,0 ,0 ,0 ,0 ,0 ,0 ,0 ,0 ,0 ,0 ,3.786.309 ,3.786.309 ,3.704.194 ,82.115 ,0 ,0 ,0 ,0 ,0 ,0 ,0 ,0 ,0 ,0 ,0 ,0 
144.,SODRAŽICA,1.479.490 ,573.807 ,517.731 ,423.877 ,423.877 ,45.209 ,20.635 ,0 ,4.820 ,19.755 ,48.644 ,104 ,0 ,48.539 ,0 ,0 ,56.076 ,20.518 ,342 ,488 ,19.688 ,3.973 ,3.973 ,104 ,104 ,989 ,989 ,30.492 ,30.492 ,20.022 ,0 ,0 ,0 ,0 ,0 ,0 ,20.022 ,0 ,20.022 ,0 ,0 ,0 ,0 ,0 ,0 ,0 ,0 ,0 ,0 ,0 ,0 ,885.662 ,885.662 ,883.847 ,1.815 ,0 ,0 ,0 ,0 ,0 ,0 ,0 ,0 ,0 ,0 ,0 ,0 
145.,SOLČAVA,672.605 ,125.751 ,106.560 ,73.239 ,73.239 ,4.160 ,2.157 ,0 ,722 ,1.281 ,29.160 ,217 ,0 ,28.943 ,0 ,0 ,19.191 ,16.562 ,0 ,785 ,15.778 ,1.340 ,1.340 ,0 ,0 ,1.072 ,1.072 ,217 ,217 ,246 ,246 ,246 ,0 ,0 ,0 ,0 ,0 ,0 ,0 ,0 ,0 ,0 ,0 ,0 ,0 ,0 ,0 ,0 ,0 ,0 ,0 ,546.607 ,546.607 ,540.444 ,0 ,0 ,6.163 ,0 ,0 ,0 ,0 ,0 ,0 ,0 ,0 ,0 ,0 
146.,STARŠE,2.575.805 ,1.811.250 ,1.374.633 ,820.068 ,820.068 ,451.102 ,429.932 ,117 ,4.115 ,16.938 ,103.464 ,1.077 ,0 ,102.387 ,0 ,0 ,436.617 ,383.379 ,9.815 ,41.045 ,332.520 ,7.954 ,7.954 ,1.193 ,1.193 ,3.885 ,3.885 ,40.206 ,40.206 ,155.704 ,363 ,363 ,0 ,0 ,0 ,0 ,155.341 ,0 ,155.341 ,0 ,530 ,530 ,405 ,125 ,0 ,0 ,0 ,0 ,0 ,0 ,0 ,608.321 ,608.321 ,533.137 ,70.381 ,0 ,4.803 ,0 ,0 ,0 ,0 ,0 ,0 ,0 ,0 ,0 ,0 
147.,SVETA ANA,1.329.606 ,496.453 ,350.182 ,254.326 ,254.326 ,43.793 ,35.360 ,0 ,0 ,8.432 ,52.064 ,996 ,0 ,51.068 ,0 ,0 ,146.271 ,25.284 ,866 ,11.016 ,13.403 ,1.789 ,1.789 ,1.717 ,1.717 ,76.563 ,76.563 ,40.918 ,40.918 ,54.110 ,0 ,0 ,0 ,0 ,0 ,0 ,54.110 ,0 ,54.110 ,0 ,0 ,0 ,0 ,0 ,0 ,0 ,0 ,0 ,0 ,0 ,0 ,779.043 ,779.043 ,779.043 ,0 ,0 ,0 ,0 ,0 ,0 ,0 ,0 ,0 ,0 ,0 ,0 ,0 
148.,SVETI ANDRAŽ V SLOVENSKIH GORICAH,1.377.612 ,199.078 ,142.848 ,104.382 ,104.382 ,10.303 ,9.114 ,0 ,305 ,885 ,28.163 ,146 ,0 ,28.017 ,0 ,0 ,56.230 ,8.404 ,225 ,6.768 ,1.410 ,2.295 ,2.295 ,280 ,280 ,0 ,0 ,45.251 ,45.251 ,0 ,0 ,0 ,0 ,0 ,0 ,0 ,0 ,0 ,0 ,0 ,5.830 ,5.830 ,5.830 ,0 ,0 ,0 ,0 ,0 ,0 ,0 ,0 ,1.172.705 ,1.172.705 ,1.155.554 ,7.307 ,0 ,9.844 ,0 ,0 ,0 ,0 ,0 ,0 ,0 ,0 ,0 ,0 
149.,SVETI JURIJ,2.123.193 ,1.089.018 ,883.716 ,319.493 ,319.493 ,50.349 ,29.813 ,0 ,4.246 ,16.290 ,513.875 ,0 ,0 ,513.875 ,0 ,0 ,205.302 ,148.879 ,0 ,15.371 ,133.508 ,2.011 ,2.011 ,875 ,875 ,0 ,0 ,53.538 ,53.538 ,41.279 ,36.831 ,36.831 ,0 ,0 ,0 ,0 ,4.448 ,0 ,4.448 ,0 ,28.000 ,28.000 ,2.449 ,25.551 ,0 ,0 ,0 ,0 ,0 ,0 ,0 ,964.896 ,964.896 ,962.776 ,2.120 ,0 ,0 ,0 ,0 ,0 ,0 ,0 ,0 ,0 ,0 ,0 ,0 
150.,ŠALOVCI,1.691.876 ,328.447 ,211.117 ,138.408 ,138.408 ,64.030 ,48.889 ,0 ,805 ,14.336 ,8.679 ,369 ,0 ,8.310 ,0 ,0 ,117.330 ,13.357 ,0 ,592 ,12.766 ,3.950 ,3.950 ,0 ,0 ,0 ,0 ,100.022 ,100.022 ,505.639 ,502.300 ,1.549 ,0 ,0 ,500.751 ,0 ,3.338 ,3.338 ,0 ,0 ,0 ,0 ,0 ,0 ,0 ,0 ,0 ,0 ,0 ,0 ,0 ,857.790 ,857.790 ,841.353 ,0 ,0 ,16.437 ,0 ,0 ,0 ,0 ,0 ,0 ,0 ,0 ,0 ,0 
151.,ŠEMPETER - VRTOJBA,7.203.127 ,5.515.093 ,3.714.712 ,2.637.835 ,2.637.835 ,801.629 ,645.161 ,0 ,11.528 ,144.940 ,275.247 ,3.630 ,0 ,271.617 ,0 ,0 ,1.800.382 ,1.626.146 ,24.985 ,85.776 ,1.515.385 ,8.959 ,8.959 ,15.426 ,15.426 ,75.054 ,75.054 ,74.797 ,74.797 ,1.567.043 ,105.841 ,105.841 ,0 ,0 ,0 ,0 ,1.461.202 ,7.882 ,1.453.320 ,0 ,0 ,0 ,0 ,0 ,0 ,0 ,0 ,0 ,0 ,0 ,0 ,120.991 ,120.991 ,120.991 ,0 ,0 ,0 ,0 ,0 ,0 ,0 ,0 ,0 ,0 ,0 ,0 ,0 
152.,ŠENČUR,5.647.822 ,3.534.285 ,2.837.569 ,2.381.781 ,2.381.781 ,200.246 ,68.140 ,29 ,11.985 ,120.093 ,255.542 ,2.771 ,0 ,252.771 ,0 ,0 ,696.716 ,249.353 ,53.013 ,63.879 ,132.461 ,10.587 ,10.587 ,7.040 ,7.040 ,46.741 ,46.741 ,382.995 ,382.995 ,1.565.048 ,0 ,0 ,0 ,0 ,0 ,0 ,1.565.048 ,0 ,1.565.048 ,0 ,0 ,0 ,0 ,0 ,0 ,0 ,0 ,0 ,0 ,0 ,0 ,548.489 ,548.489 ,548.489 ,0 ,0 ,0 ,0 ,0 ,0 ,0 ,0 ,0 ,0 ,0 ,0 ,0 
153.,ŠENTILJ,5.749.320 ,3.791.279 ,3.147.651 ,1.565.169 ,1.565.169 ,391.220 ,371.520 ,0 ,4.565 ,15.135 ,1.191.262 ,1.235 ,0 ,1.190.027 ,0 ,0 ,643.628 ,183.121 ,6.718 ,10.562 ,165.840 ,8.045 ,8.045 ,3.568 ,3.568 ,34.911 ,34.911 ,413.983 ,413.983 ,46.616 ,2.061 ,2.061 ,0 ,0 ,0 ,0 ,44.554 ,0 ,44.554 ,0 ,0 ,0 ,0 ,0 ,0 ,0 ,0 ,0 ,0 ,0 ,0 ,1.911.425 ,1.911.425 ,1.774.745 ,56.848 ,0 ,79.832 ,0 ,0 ,0 ,0 ,0 ,0 ,0 ,0 ,0 ,0 
154.,ŠENTJERNEJ,4.431.030 ,2.647.684 ,1.771.495 ,1.336.797 ,1.336.797 ,236.179 ,178.877 ,92 ,8.959 ,48.252 ,198.519 ,2.224 ,0 ,196.294 ,0 ,0 ,876.189 ,105.992 ,1.757 ,16.892 ,87.344 ,5.629 ,5.629 ,13.479 ,13.479 ,31.456 ,31.456 ,719.634 ,719.634 ,7.052 ,0 ,0 ,0 ,0 ,0 ,0 ,7.052 ,0 ,7.052 ,0 ,19.200 ,19.200 ,19.200 ,0 ,0 ,0 ,0 ,0 ,0 ,0 ,0 ,1.757.094 ,1.757.094 ,1.757.094 ,0 ,0 ,0 ,0 ,0 ,0 ,0 ,0 ,0 ,0 ,0 ,0 ,0 
155.,ŠENTJUR,11.637.686 ,6.048.607 ,4.669.989 ,3.796.428 ,3.796.428 ,507.887 ,299.587 ,96 ,16.441 ,191.763 ,365.674 ,10.098 ,0 ,355.575 ,0 ,0 ,1.378.618 ,409.322 ,8.162 ,11.325 ,389.835 ,30.759 ,30.759 ,6.518 ,6.518 ,2.174 ,2.174 ,929.845 ,929.845 ,738.958 ,666.137 ,665.039 ,0 ,0 ,1.097 ,0 ,72.822 ,42.581 ,30.241 ,0 ,3.297 ,0 ,0 ,0 ,3.297 ,0 ,0 ,0 ,3.297 ,0 ,0 ,4.846.824 ,4.846.824 ,4.841.279 ,5.546 ,0 ,0 ,0 ,0 ,0 ,0 ,0 ,0 ,0 ,0 ,0 ,0 
156.,ŠKOCJAN,2.324.399 ,835.073 ,698.748 ,501.156 ,501.156 ,102.475 ,72.705 ,0 ,12.782 ,16.988 ,95.118 ,179 ,0 ,94.938 ,0 ,0 ,136.325 ,69.705 ,922 ,32.878 ,35.904 ,2.725 ,2.725 ,6.560 ,6.560 ,2.558 ,2.558 ,54.778 ,54.778 ,1.306 ,0 ,0 ,0 ,0 ,0 ,0 ,1.306 ,0 ,1.306 ,0 ,0 ,0 ,0 ,0 ,0 ,0 ,0 ,0 ,0 ,0 ,0 ,1.488.020 ,1.389.810 ,1.383.079 ,0 ,0 ,6.731 ,0 ,98.210 ,87.364 ,0 ,0 ,0 ,0 ,0 ,10.845 ,0 
157.,ŠKOFJA LOKA,14.657.332 ,11.967.021 ,9.593.887 ,7.122.267 ,7.122.267 ,2.120.385 ,1.589.401 ,0 ,50.588 ,480.396 ,351.235 ,11.784 ,0 ,339.451 ,0 ,0 ,2.373.135 ,842.606 ,34.531 ,18.123 ,789.952 ,16.049 ,16.049 ,17.889 ,17.889 ,12.293 ,12.293 ,1.484.297 ,1.484.297 ,1.476.811 ,610.457 ,610.215 ,0 ,0 ,242 ,0 ,866.354 ,0 ,866.354 ,0 ,41.729 ,0 ,0 ,0 ,41.729 ,41.729 ,0 ,0 ,0 ,0 ,0 ,1.171.770 ,1.171.770 ,1.014.167 ,157.603 ,0 ,0 ,0 ,0 ,0 ,0 ,0 ,0 ,0 ,0 ,0 ,0 
158.,ŠKOFLJICA,4.559.990 ,4.351.035 ,3.339.651 ,2.718.002 ,2.718.002 ,391.500 ,194.884 ,196 ,11.680 ,184.740 ,230.149 ,11.989 ,0 ,218.161 ,0 ,0 ,1.011.384 ,217.259 ,57.269 ,94.471 ,65.519 ,18.119 ,18.119 ,6.994 ,6.994 ,26.832 ,26.832 ,742.180 ,742.180 ,0 ,0 ,0 ,0 ,0 ,0 ,0 ,0 ,0 ,0 ,0 ,209 ,209 ,209 ,0 ,0 ,0 ,0 ,0 ,0 ,0 ,0 ,208.746 ,208.746 ,152.258 ,5.496 ,0 ,50.993 ,0 ,0 ,0 ,0 ,0 ,0 ,0 ,0 ,0 ,0 
159.,ŠMARJE PRI JELŠAH,5.920.038 ,2.843.444 ,2.409.326 ,1.685.124 ,1.685.124 ,378.760 ,300.943 ,0 ,21.002 ,56.814 ,345.443 ,2.491 ,0 ,342.952 ,0 ,0 ,434.118 ,259.276 ,0 ,13.595 ,245.681 ,20.176 ,20.176 ,2.495 ,2.495 ,175 ,175 ,151.995 ,151.995 ,280.183 ,278.760 ,278.760 ,0 ,0 ,0 ,0 ,1.423 ,0 ,1.423 ,0 ,0 ,0 ,0 ,0 ,0 ,0 ,0 ,0 ,0 ,0 ,0 ,2.796.411 ,2.796.411 ,2.647.505 ,50.855 ,0 ,51.811 ,46.240 ,0 ,0 ,0 ,0 ,0 ,0 ,0 ,0 ,0 
160.,ŠMARTNO OB PAKI,1.629.194 ,1.199.791 ,1.048.460 ,775.088 ,775.088 ,189.184 ,125.067 ,0 ,2.550 ,61.567 ,84.189 ,488 ,0 ,83.701 ,0 ,0 ,151.331 ,25.972 ,0 ,129 ,25.843 ,5.475 ,5.475 ,1.928 ,1.928 ,0 ,0 ,117.956 ,117.956 ,42.138 ,35.704 ,35.704 ,0 ,0 ,0 ,0 ,6.435 ,2.992 ,3.443 ,0 ,1.043 ,1.043 ,1.043 ,0 ,0 ,0 ,0 ,0 ,0 ,0 ,0 ,386.221 ,324.545 ,304.315 ,20.230 ,0 ,0 ,0 ,61.676 ,61.676 ,0 ,0 ,0 ,0 ,0 ,0 ,0 
161.,ŠMARTNO PRI LITIJI,3.309.966 ,1.432.985 ,1.251.245 ,972.320 ,972.320 ,202.066 ,163.871 ,178 ,7.862 ,30.155 ,76.860 ,1.318 ,0 ,75.542 ,0 ,0 ,181.740 ,108.101 ,12 ,9.281 ,98.808 ,8.658 ,8.658 ,1.240 ,1.240 ,181 ,181 ,63.560 ,63.560 ,590.461 ,513.029 ,509.899 ,3.130 ,0 ,0 ,0 ,77.432 ,37.901 ,39.531 ,0 ,0 ,0 ,0 ,0 ,0 ,0 ,0 ,0 ,0 ,0 ,0 ,1.286.520 ,1.286.520 ,1.286.520 ,0 ,0 ,0 ,0 ,0 ,0 ,0 ,0 ,0 ,0 ,0 ,0 ,0 
162.,ŠOŠTANJ,6.304.991 ,4.976.832 ,3.388.700 ,2.154.557 ,2.154.557 ,823.227 ,727.099 ,0 ,16.496 ,79.632 ,410.916 ,935 ,0 ,409.982 ,0 ,0 ,1.588.132 ,259.135 ,4 ,18.302 ,240.828 ,15.803 ,15.803 ,15.774 ,15.774 ,6.622 ,6.622 ,1.290.799 ,1.290.799 ,241.107 ,231.923 ,231.923 ,0 ,0 ,0 ,0 ,9.185 ,0 ,9.185 ,0 ,0 ,0 ,0 ,0 ,0 ,0 ,0 ,0 ,0 ,0 ,0 ,1.087.051 ,1.087.051 ,1.030.517 ,56.535 ,0 ,0 ,0 ,0 ,0 ,0 ,0 ,0 ,0 ,0 ,0 ,0 
163.,ŠTORE,2.647.363 ,1.291.750 ,1.108.842 ,768.161 ,768.161 ,182.937 ,126.298 ,4 ,1.214 ,55.421 ,157.745 ,2.550 ,0 ,155.195 ,0 ,0 ,182.908 ,47.734 ,0 ,7.056 ,40.678 ,4.711 ,4.711 ,355 ,355 ,4.786 ,4.786 ,125.321 ,125.321 ,547.129 ,309.998 ,309.998 ,0 ,0 ,0 ,0 ,237.131 ,0 ,237.131 ,0 ,835 ,835 ,835 ,0 ,0 ,0 ,0 ,0 ,0 ,0 ,0 ,807.649 ,807.649 ,807.649 ,0 ,0 ,0 ,0 ,0 ,0 ,0 ,0 ,0 ,0 ,0 ,0 ,0 
164.,TABOR,1.106.927 ,327.608 ,295.055 ,225.488 ,225.488 ,28.802 ,19.525 ,0 ,1.648 ,7.628 ,40.765 ,0 ,0 ,40.765 ,0 ,0 ,32.553 ,10.332 ,1.886 ,622 ,7.824 ,1.465 ,1.465 ,0 ,0 ,9.560 ,9.560 ,11.196 ,11.196 ,3.735 ,3.735 ,3.735 ,0 ,0 ,0 ,0 ,0 ,0 ,0 ,0 ,0 ,0 ,0 ,0 ,0 ,0 ,0 ,0 ,0 ,0 ,0 ,775.584 ,775.584 ,747.062 ,19.984 ,0 ,8.538 ,0 ,0 ,0 ,0 ,0 ,0 ,0 ,0 ,0 ,0 
165.,TIŠINA,3.008.884 ,1.051.833 ,834.436 ,676.471 ,676.471 ,56.484 ,46.714 ,0 ,225 ,9.545 ,101.480 ,2.807 ,0 ,98.673 ,0 ,0 ,217.398 ,29.503 ,2.989 ,2.701 ,23.813 ,6.285 ,6.285 ,212 ,212 ,111.394 ,111.394 ,70.003 ,70.003 ,22.530 ,6.677 ,0 ,6.677 ,0 ,0 ,0 ,15.854 ,3.952 ,11.902 ,0 ,0 ,0 ,0 ,0 ,0 ,0 ,0 ,0 ,0 ,0 ,0 ,1.934.520 ,1.671.039 ,1.632.216 ,0 ,0 ,38.823 ,0 ,263.481 ,263.481 ,0 ,0 ,0 ,0 ,0 ,0 ,0 
166.,TOLMIN,8.017.906 ,5.130.901 ,3.895.172 ,3.074.395 ,3.074.395 ,434.506 ,295.264 ,33 ,25.764 ,113.445 ,386.271 ,5.805 ,0 ,380.467 ,0 ,0 ,1.235.729 ,1.167.009 ,351 ,24.533 ,1.142.126 ,10.374 ,10.374 ,5.450 ,5.450 ,943 ,943 ,51.953 ,51.953 ,124.908 ,115.031 ,115.031 ,0 ,0 ,0 ,0 ,9.877 ,0 ,9.877 ,0 ,209 ,209 ,209 ,0 ,0 ,0 ,0 ,0 ,0 ,0 ,0 ,2.761.889 ,2.761.889 ,2.721.224 ,40.665 ,0 ,0 ,0 ,0 ,0 ,0 ,0 ,0 ,0 ,0 ,0 ,0 
167.,TRBOVLJE,11.754.778 ,8.079.323 ,7.046.511 ,4.824.111 ,4.824.111 ,1.464.451 ,1.236.818 ,0 ,20.819 ,206.814 ,757.949 ,9.289 ,0 ,748.660 ,0 ,0 ,1.032.812 ,922.997 ,33.721 ,22.158 ,867.117 ,14.493 ,14.493 ,9.523 ,9.523 ,188 ,188 ,85.612 ,85.612 ,864.872 ,503.747 ,501.836 ,1.911 ,0 ,0 ,0 ,361.125 ,0 ,361.125 ,0 ,62.156 ,62.156 ,62.156 ,0 ,0 ,0 ,0 ,0 ,0 ,0 ,0 ,2.748.427 ,2.748.427 ,1.930.279 ,0 ,0 ,818.148 ,0 ,0 ,0 ,0 ,0 ,0 ,0 ,0 ,0 ,0 
168.,TREBNJE,12.892.155 ,7.336.484 ,5.856.764 ,4.234.147 ,4.234.147 ,952.504 ,662.256 ,250 ,47.584 ,242.414 ,670.114 ,9.080 ,0 ,661.033 ,0 ,0 ,1.479.720 ,425.864 ,0 ,113.783 ,312.081 ,21.766 ,21.766 ,19.592 ,19.592 ,121.090 ,121.090 ,891.408 ,891.408 ,1.248.322 ,9.176 ,9.176 ,0 ,0 ,0 ,0 ,1.239.146 ,32.140 ,1.207.006 ,0 ,209 ,209 ,209 ,0 ,0 ,0 ,0 ,0 ,0 ,0 ,0 ,4.307.140 ,4.014.843 ,3.722.425 ,89.730 ,0 ,202.687 ,0 ,292.297 ,42.576 ,0 ,249.720 ,0 ,0 ,0 ,0 ,0 
169.,TRNOVSKA VAS,1.435.528 ,242.601 ,222.959 ,139.559 ,139.559 ,50.413 ,45.276 ,0 ,359 ,4.778 ,32.987 ,63 ,0 ,32.924 ,0 ,0 ,19.642 ,12.573 ,225 ,8.262 ,4.085 ,1.052 ,1.052 ,755 ,755 ,0 ,0 ,5.262 ,5.262 ,32.236 ,697 ,643 ,0 ,54 ,0 ,31.539 ,0 ,0 ,0 ,0 ,855 ,855 ,480 ,376 ,0 ,0 ,0 ,0 ,0 ,0 ,0 ,1.159.836 ,1.159.836 ,1.147.651 ,6.230 ,0 ,5.955 ,0 ,0 ,0 ,0 ,0 ,0 ,0 ,0 ,0 ,0 
170.,TRZIN,3.838.249 ,3.435.020 ,2.823.932 ,2.063.440 ,2.063.440 ,599.623 ,369.339 ,51 ,3.745 ,226.489 ,160.870 ,6.344 ,0 ,154.526 ,0 ,0 ,611.088 ,362.161 ,137.707 ,24.077 ,200.377 ,10.841 ,10.841 ,14.562 ,14.562 ,31.692 ,31.692 ,191.833 ,191.833 ,332.697 ,28.334 ,26.248 ,0 ,2.086 ,0 ,0 ,304.363 ,7.112 ,293.354 ,3.898 ,0 ,0 ,0 ,0 ,0 ,0 ,0 ,0 ,0 ,0 ,0 ,70.532 ,70.532 ,70.532 ,0 ,0 ,0 ,0 ,0 ,0 ,0 ,0 ,0 ,0 ,0 ,0 ,0 
171.,TRŽIČ,9.333.570 ,6.329.851 ,4.941.942 ,3.726.072 ,3.726.072 ,641.223 ,445.188 ,290 ,13.816 ,181.929 ,574.647 ,8.630 ,0 ,566.016 ,0 ,0 ,1.387.909 ,1.156.899 ,824 ,718.249 ,437.827 ,23.160 ,23.160 ,29.218 ,29.218 ,28.413 ,28.413 ,150.219 ,150.219 ,208.213 ,109.432 ,109.300 ,0 ,132 ,0 ,0 ,98.781 ,15.101 ,83.680 ,0 ,47 ,47 ,5 ,42 ,0 ,0 ,0 ,0 ,0 ,0 ,0 ,2.795.460 ,2.629.153 ,2.629.153 ,0 ,0 ,0 ,0 ,166.306 ,0 ,0 ,0 ,0 ,0 ,0 ,166.306 ,0 
172.,TURNIŠČE,1.734.781 ,836.651 ,569.041 ,475.776 ,475.776 ,60.061 ,48.374 ,0 ,3.492 ,8.195 ,33.204 ,875 ,0 ,32.330 ,0 ,0 ,267.609 ,12.737 ,0 ,806 ,11.932 ,2.888 ,2.888 ,1.487 ,1.487 ,0 ,0 ,250.498 ,250.498 ,0 ,0 ,0 ,0 ,0 ,0 ,0 ,0 ,0 ,0 ,0 ,0 ,0 ,0 ,0 ,0 ,0 ,0 ,0 ,0 ,0 ,0 ,898.131 ,893.958 ,893.958 ,0 ,0 ,0 ,0 ,4.173 ,0 ,0 ,0 ,0 ,0 ,0 ,0 ,4.173 
173.,MESTNA OBČINA VELENJE,23.025.583 ,19.452.732 ,17.121.674 ,10.904.858 ,10.904.858 ,4.238.491 ,3.762.944 ,6 ,12.584 ,462.957 ,1.978.325 ,27.101 ,0 ,1.951.225 ,0 ,0 ,2.331.059 ,1.302.934 ,652 ,50.198 ,1.252.084 ,50.250 ,50.250 ,53.985 ,53.985 ,133.767 ,133.767 ,790.124 ,790.124 ,1.219.427 ,770.525 ,770.525 ,0 ,0 ,0 ,0 ,448.902 ,0 ,448.902 ,0 ,25.789 ,25.789 ,25.747 ,42 ,0 ,0 ,0 ,0 ,0 ,0 ,0 ,2.327.634 ,1.520.108 ,1.181.671 ,262.321 ,0 ,76.116 ,0 ,807.526 ,796.404 ,0 ,11.122 ,0 ,0 ,0 ,0 ,0 
174.,VELIKA POLANA,839.439 ,339.558 ,238.990 ,220.877 ,220.877 ,12.618 ,8.203 ,0 ,1.358 ,3.057 ,5.495 ,70 ,0 ,5.425 ,0 ,0 ,100.568 ,13.761 ,0 ,345 ,13.417 ,970 ,970 ,789 ,789 ,51.562 ,51.562 ,33.485 ,33.485 ,28.224 ,25.746 ,25.746 ,0 ,0 ,0 ,0 ,2.478 ,2.478 ,0 ,0 ,0 ,0 ,0 ,0 ,0 ,0 ,0 ,0 ,0 ,0 ,0 ,471.658 ,432.015 ,432.015 ,0 ,0 ,0 ,0 ,39.643 ,0 ,0 ,39.643 ,0 ,0 ,0 ,0 ,0 
175.,VELIKE LAŠČE,2.432.374 ,1.670.255 ,1.248.606 ,1.073.243 ,1.073.243 ,141.408 ,72.321 ,0 ,18.357 ,50.730 ,33.955 ,889 ,0 ,33.066 ,0 ,0 ,421.649 ,32.595 ,0 ,11.889 ,20.706 ,5.325 ,5.325 ,2.500 ,2.500 ,13.391 ,13.391 ,367.839 ,367.839 ,951 ,0 ,0 ,0 ,0 ,0 ,0 ,951 ,0 ,951 ,0 ,40.206 ,40.206 ,0 ,40.206 ,0 ,0 ,0 ,0 ,0 ,0 ,0 ,720.961 ,720.961 ,717.309 ,1.089 ,2.562 ,0 ,0 ,0 ,0 ,0 ,0 ,0 ,0 ,0 ,0 ,0 
176.,VERŽEJ,827.388 ,419.895 ,365.450 ,250.289 ,250.289 ,40.949 ,21.203 ,36 ,1.145 ,18.565 ,74.213 ,0 ,0 ,74.213 ,0 ,0 ,54.445 ,9.376 ,0 ,1.372 ,8.003 ,2.372 ,2.372 ,0 ,0 ,257 ,257 ,42.441 ,42.441 ,2.178 ,2.178 ,2.178 ,0 ,0 ,0 ,0 ,0 ,0 ,0 ,0 ,0 ,0 ,0 ,0 ,0 ,0 ,0 ,0 ,0 ,0 ,0 ,405.315 ,405.315 ,389.306 ,16.009 ,0 ,0 ,0 ,0 ,0 ,0 ,0 ,0 ,0 ,0 ,0 ,0 
177.,VIDEM,2.945.038 ,1.564.906 ,1.231.718 ,821.804 ,821.804 ,104.786 ,89.447 ,138 ,2.220 ,12.982 ,305.129 ,166.863 ,0 ,138.266 ,0 ,0 ,333.187 ,61.321 ,1.244 ,9.005 ,51.072 ,7.803 ,7.803 ,4.106 ,4.106 ,94.241 ,94.241 ,165.715 ,165.715 ,19.550 ,18.657 ,18.657 ,0 ,0 ,0 ,0 ,893 ,718 ,175 ,0 ,100 ,100 ,100 ,0 ,0 ,0 ,0 ,0 ,0 ,0 ,0 ,1.360.482 ,1.360.482 ,1.331.831 ,24.866 ,0 ,3.785 ,0 ,0 ,0 ,0 ,0 ,0 ,0 ,0 ,0 ,0 
178.,VIPAVA,3.494.721 ,2.257.036 ,1.616.062 ,1.217.418 ,1.217.418 ,187.469 ,127.533 ,421 ,9.948 ,49.566 ,211.175 ,159 ,0 ,211.017 ,0 ,0 ,640.974 ,600.004 ,46.461 ,25.321 ,528.222 ,4.816 ,4.816 ,609 ,609 ,2.070 ,2.070 ,33.475 ,33.475 ,30.212 ,0 ,0 ,0 ,0 ,0 ,138 ,30.074 ,163 ,29.912 ,0 ,1.097 ,1.097 ,0 ,1.097 ,0 ,0 ,0 ,0 ,0 ,0 ,0 ,1.206.376 ,1.127.086 ,1.017.994 ,109.093 ,0 ,0 ,0 ,79.290 ,79.290 ,0 ,0 ,0 ,0 ,0 ,0 ,0 
179.,VITANJE,1.333.555 ,492.923 ,426.890 ,340.252 ,340.252 ,49.512 ,35.733 ,0 ,1.461 ,12.318 ,37.127 ,739 ,0 ,36.388 ,0 ,0 ,66.032 ,7.966 ,4.298 ,3.100 ,568 ,5.170 ,5.170 ,159 ,159 ,0 ,0 ,52.737 ,52.737 ,0 ,0 ,0 ,0 ,0 ,0 ,0 ,0 ,0 ,0 ,0 ,4.173 ,4.173 ,4.173 ,0 ,0 ,0 ,0 ,0 ,0 ,0 ,0 ,836.459 ,836.459 ,830.692 ,4.924 ,0 ,843 ,0 ,0 ,0 ,0 ,0 ,0 ,0 ,0 ,0 ,0 
180.,VODICE,2.315.757 ,2.093.102 ,1.698.873 ,1.168.398 ,1.168.398 ,393.449 ,146.157 ,0 ,16.279 ,231.013 ,137.026 ,7.732 ,0 ,129.294 ,0 ,0 ,394.229 ,83.371 ,0 ,15.557 ,67.814 ,11.768 ,11.768 ,830 ,830 ,142.789 ,142.789 ,155.471 ,155.471 ,5.350 ,0 ,0 ,0 ,0 ,0 ,0 ,5.350 ,0 ,5.350 ,0 ,3.338 ,3.338 ,3.338 ,0 ,0 ,0 ,0 ,0 ,0 ,0 ,0 ,213.967 ,213.967 ,212.744 ,0 ,1.223 ,0 ,0 ,0 ,0 ,0 ,0 ,0 ,0 ,0 ,0 ,0 
181.,VOJNIK,5.562.060 ,2.587.982 ,2.280.880 ,1.843.144 ,1.843.144 ,217.376 ,127.921 ,0 ,21.240 ,68.215 ,220.360 ,11.396 ,0 ,208.963 ,0 ,0 ,307.102 ,77.395 ,142 ,7.086 ,70.168 ,14.927 ,14.927 ,1.895 ,1.895 ,10.574 ,10.574 ,202.312 ,202.312 ,1.112.202 ,60.299 ,54.736 ,0 ,5.563 ,0 ,0 ,1.051.903 ,0 ,1.051.903 ,0 ,3.589 ,3.589 ,3.589 ,0 ,0 ,0 ,0 ,0 ,0 ,0 ,0 ,1.858.287 ,1.858.287 ,1.819.266 ,39.021 ,0 ,0 ,0 ,0 ,0 ,0 ,0 ,0 ,0 ,0 ,0 ,0 
182.,VRANSKO,1.510.495 ,676.398 ,621.274 ,405.425 ,405.425 ,60.537 ,37.227 ,275 ,6.017 ,17.017 ,155.312 ,338 ,0 ,154.974 ,0 ,0 ,55.124 ,13.149 ,3.021 ,1.118 ,9.009 ,1.865 ,1.865 ,0 ,0 ,63 ,63 ,40.048 ,40.048 ,2.992 ,2.992 ,2.992 ,0 ,0 ,0 ,0 ,0 ,0 ,0 ,0 ,0 ,0 ,0 ,0 ,0 ,0 ,0 ,0 ,0 ,0 ,0 ,831.105 ,831.105 ,810.532 ,20.573 ,0 ,0 ,0 ,0 ,0 ,0 ,0 ,0 ,0 ,0 ,0 ,0 
183.,VRHNIKA,10.364.906 ,9.333.045 ,8.005.688 ,6.227.224 ,6.227.224 ,1.099.153 ,548.865 ,693 ,81.960 ,467.635 ,679.311 ,12.277 ,0 ,667.034 ,0 ,0 ,1.327.358 ,425.417 ,26.168 ,4.987 ,394.262 ,28.242 ,28.242 ,18.248 ,18.248 ,89.981 ,89.981 ,765.469 ,765.469 ,611.939 ,106.118 ,106.118 ,0 ,0 ,0 ,0 ,505.821 ,0 ,505.821 ,0 ,0 ,0 ,0 ,0 ,0 ,0 ,0 ,0 ,0 ,0 ,0 ,419.922 ,419.922 ,335.345 ,84.577 ,0 ,0 ,0 ,0 ,0 ,0 ,0 ,0 ,0 ,0 ,0 ,0 
184.,VUZENICA,1.916.883 ,1.105.933 ,767.209 ,544.408 ,544.408 ,162.531 ,135.194 ,8 ,1.285 ,26.043 ,60.270 ,1.148 ,0 ,59.122 ,0 ,0 ,338.724 ,322.917 ,993 ,6.860 ,315.063 ,4.841 ,4.841 ,196 ,196 ,1.047 ,1.047 ,9.723 ,9.723 ,294.246 ,282.349 ,282.349 ,0 ,0 ,0 ,0 ,11.897 ,334 ,11.563 ,0 ,2.287 ,0 ,0 ,0 ,2.287 ,0 ,0 ,2.287 ,0 ,0 ,0 ,514.417 ,479.444 ,429.861 ,43.912 ,0 ,5.671 ,0 ,34.973 ,34.973 ,0 ,0 ,0 ,0 ,0 ,0 ,0 
185.,ZAGORJE OB SAVI,8.572.388 ,5.742.810 ,5.237.598 ,4.182.244 ,4.182.244 ,714.918 ,592.697 ,0 ,11.601 ,110.620 ,340.436 ,5.963 ,0 ,334.473 ,0 ,0 ,505.212 ,352.078 ,225 ,9.168 ,342.685 ,21.123 ,21.123 ,1.481 ,1.481 ,34.773 ,34.773 ,95.756 ,95.756 ,189.964 ,93.436 ,92.914 ,522 ,0 ,0 ,0 ,96.528 ,1.440 ,95.088 ,0 ,0 ,0 ,0 ,0 ,0 ,0 ,0 ,0 ,0 ,0 ,0 ,2.639.614 ,2.639.614 ,2.639.614 ,0 ,0 ,0 ,0 ,0 ,0 ,0 ,0 ,0 ,0 ,0 ,0 ,0 
186.,ZAVRČ,1.031.556 ,560.407 ,442.618 ,164.363 ,164.363 ,80.938 ,69.934 ,29 ,167 ,10.808 ,197.317 ,0 ,0 ,197.317 ,0 ,0 ,117.789 ,11.976 ,242 ,396 ,11.338 ,3.313 ,3.313 ,943 ,943 ,0 ,0 ,101.557 ,101.557 ,1.515 ,1.294 ,1.294 ,0 ,0 ,0 ,0 ,221 ,221 ,0 ,0 ,522 ,522 ,522 ,0 ,0 ,0 ,0 ,0 ,0 ,0 ,0 ,469.112 ,469.112 ,446.261 ,6.343 ,0 ,16.508 ,0 ,0 ,0 ,0 ,0 ,0 ,0 ,0 ,0 ,0 
187.,ZREČE,4.223.381 ,2.693.519 ,2.041.988 ,1.328.722 ,1.328.722 ,392.977 ,342.785 ,0 ,1.740 ,48.452 ,296.532 ,4.753 ,0 ,291.779 ,23.756 ,23.756 ,651.531 ,169.634 ,405 ,968 ,168.261 ,10.783 ,10.783 ,3.572 ,3.572 ,291.975 ,291.975 ,175.568 ,175.568 ,165.056 ,77.141 ,76.849 ,292 ,0 ,0 ,0 ,87.915 ,15.244 ,72.672 ,0 ,9.556 ,9.556 ,9.556 ,0 ,0 ,0 ,0 ,0 ,0 ,0 ,0 ,1.355.250 ,1.355.250 ,1.325.997 ,20.143 ,0 ,9.110 ,0 ,0 ,0 ,0 ,0 ,0 ,0 ,0 ,0 ,0 
188.,ŽALEC,11.291.725 ,8.385.975 ,7.060.941 ,5.320.072 ,5.320.072 ,925.759 ,722.417 ,797 ,7.403 ,195.143 ,815.110 ,29.231 ,0 ,785.879 ,0 ,0 ,1.325.033 ,976.757 ,106.485 ,27.036 ,843.236 ,24.566 ,24.566 ,4.690 ,4.690 ,13.403 ,13.403 ,305.617 ,305.617 ,188.620 ,123.686 ,123.602 ,0 ,83 ,0 ,0 ,64.935 ,0 ,64.935 ,0 ,417 ,417 ,417 ,0 ,0 ,0 ,0 ,0 ,0 ,0 ,0 ,2.716.713 ,2.673.886 ,2.627.441 ,46.445 ,0 ,0 ,0 ,42.827 ,42.827 ,0 ,0 ,0 ,0 ,0 ,0 ,0 
189.,ŽELEZNIKI,3.752.854 ,2.325.227 ,1.965.641 ,1.629.760 ,1.629.760 ,223.381 ,164.218 ,0 ,25.331 ,33.832 ,112.500 ,2.354 ,0 ,110.146 ,0 ,0 ,359.586 ,176.638 ,8.435 ,13.089 ,155.114 ,8.446 ,8.446 ,3.163 ,3.163 ,63.844 ,63.844 ,107.495 ,107.495 ,552 ,0 ,0 ,0 ,0 ,0 ,0 ,552 ,552 ,0 ,0 ,0 ,0 ,0 ,0 ,0 ,0 ,0 ,0 ,0 ,0 ,0 ,1.427.075 ,1.427.075 ,1.425.713 ,1.363 ,0 ,0 ,0 ,0 ,0 ,0 ,0 ,0 ,0 ,0 ,0 ,0 
190.,ŽETALE,1.266.286 ,322.029 ,198.089 ,134.948 ,134.948 ,18.505 ,15.893 ,0 ,1.187 ,1.425 ,44.636 ,63 ,0 ,44.574 ,0 ,0 ,123.940 ,12.548 ,562 ,606 ,11.379 ,2.095 ,2.095 ,742 ,742 ,9.414 ,9.414 ,99.142 ,99.142 ,327 ,0 ,0 ,0 ,0 ,0 ,0 ,327 ,0 ,327 ,0 ,1.168 ,1.168 ,1.168 ,0 ,0 ,0 ,0 ,0 ,0 ,0 ,0 ,942.761 ,866.874 ,541.245 ,986 ,0 ,25.272 ,299.371 ,75.887 ,0 ,0 ,0 ,0 ,0 ,0 ,75.887 ,0 
191.,ŽIRI,2.891.389 ,1.915.588 ,1.463.256 ,1.215.111 ,1.215.111 ,176.078 ,147.373 ,0 ,10.427 ,18.277 ,72.068 ,4.513 ,0 ,67.555 ,0 ,0 ,452.332 ,71.261 ,6.114 ,906 ,64.241 ,6.786 ,6.786 ,94 ,94 ,323.737 ,323.737 ,50.454 ,50.454 ,141.963 ,141.963 ,141.963 ,0 ,0 ,0 ,0 ,0 ,0 ,0 ,0 ,0 ,0 ,0 ,0 ,0 ,0 ,0 ,0 ,0 ,0 ,0 ,833.838 ,790.362 ,782.122 ,0 ,8.239 ,0 ,0 ,43.476 ,0 ,43.476 ,0 ,0 ,0 ,0 ,0 ,0 
192.,ŽIROVNICA,2.190.893 ,2.066.169 ,1.861.021 ,1.446.369 ,1.446.369 ,269.019 ,208.600 ,238 ,16.689 ,43.492 ,145.634 ,1.451 ,0 ,144.183 ,0 ,0 ,205.148 ,125.887 ,5.637 ,19.051 ,101.200 ,5.944 ,5.944 ,240 ,240 ,0 ,0 ,73.077 ,73.077 ,18.523 ,11.908 ,11.859 ,0 ,49 ,0 ,0 ,6.615 ,0 ,5.812 ,802 ,0 ,0 ,0 ,0 ,0 ,0 ,0 ,0 ,0 ,0 ,0 ,106.201 ,106.201 ,87.850 ,0 ,0 ,18.352 ,0 ,0 ,0 ,0 ,0 ,0 ,0 ,0 ,0 ,0 
193.,ŽUŽEMBERK,3.049.378 ,1.157.248 ,1.005.154 ,716.262 ,716.262 ,156.180 ,111.254 ,0 ,10.169 ,34.756 ,132.712 ,1.723 ,0 ,130.988 ,0 ,0 ,152.095 ,48.089 ,1.273 ,6.272 ,40.544 ,4.248 ,4.248 ,9.372 ,9.372 ,0 ,0 ,90.386 ,90.386 ,4.152 ,501 ,0 ,0 ,0 ,501 ,0 ,3.651 ,0 ,3.651 ,0 ,6.176 ,6.176 ,6.176 ,0 ,0 ,0 ,0 ,0 ,0 ,0 ,0 ,1.881.802 ,1.881.802 ,1.881.802 ,0 ,0 ,0 ,0 ,0 ,0 ,0 ,0 ,0 ,0 ,0 ,0 ,0 
,SKUPAJ,1.424.939.989 ,1.023.114.942 ,825.041.875 ,576.701.512 ,576.701.512 ,167.243.672 ,122.807.914 ,37.177 ,4.829.936 ,39.568.644 ,81.072.915 ,3.049.599 ,0 ,78.023.316 ,23.775 ,23.775 ,198.073.067 ,93.846.069 ,7.818.442 ,6.663.895 ,79.363.731 ,3.867.278 ,3.867.278 ,4.341.832 ,4.341.832 ,7.937.579 ,7.937.579 ,88.080.310 ,88.080.310 ,104.286.153 ,27.914.240 ,27.254.602 ,75.238 ,28.851 ,555.550 ,36.597 ,76.335.316 ,724.450 ,74.635.204 ,975.662 ,4.693.289 ,1.995.154 ,1.689.895 ,305.259 ,2.692.355 ,613.658 ,1.173.285 ,902.116 ,3.297 ,5.780 ,5.780 ,292.845.606 ,283.633.429 ,268.006.030 ,7.899.872 ,363.051 ,4.810.533 ,2.553.943 ,9.212.177 ,3.137.257 ,150.625 ,2.946.482 ,1.436.021 ,0 ,0 ,1.465.256 ,76.536 
